X,Mean,Mean + Std Dev,Mean - Std Dev,Std Dev
0.0,2.47e-07,1.97e-06,-1.48e-06,1.73e-06
0.043,5.27e-07,2.24e-06,-1.18e-06,1.71e-06
0.0859,9.26e-06,1.39e-05,4.65e-06,4.61e-06
0.129,1.36e-05,2.04e-05,6.73e-06,6.84e-06
0.172,1.07e-05,1.61e-05,5.39e-06,5.34e-06
0.215,1.23e-05,1.85e-05,6.18e-06,6.14e-06
0.258,1.17e-05,1.75e-05,5.89e-06,5.8e-06
0.301,1.2e-05,1.8e-05,6.09e-06,5.96e-06
0.344,1.2e-05,1.79e-05,6.08e-06,5.92e-06
0.387,1.21e-05,1.81e-05,6.16e-06,5.96e-06
0.43,1.22e-05,1.81e-05,6.2e-06,5.97e-06
0.473,1.22e-05,1.82e-05,6.26e-06,5.99e-06
0.516,1.23e-05,1.83e-05,6.31e-06,6.01e-06
0.559,1.24e-05,1.84e-05,6.36e-06,6.03e-06
0.602,1.25e-05,1.85e-05,6.42e-06,6.05e-06
0.645,1.25e-05,1.86e-05,6.47e-06,6.07e-06
0.688,1.26e-05,1.87e-05,6.52e-06,6.09e-06
0.731,1.27e-05,1.88e-05,6.58e-06,6.12e-06
0.774,1.28e-05,1.89e-05,6.63e-06,6.14e-06
0.817,1.28e-05,1.9e-05,6.69e-06,6.16e-06
0.859,1.29e-05,1.91e-05,6.74e-06,6.18e-06
0.902,1.3e-05,1.92e-05,6.8e-06,6.2e-06
0.945,1.31e-05,1.93e-05,6.86e-06,6.22e-06
0.988,1.31e-05,1.94e-05,6.91e-06,6.23e-06
1.03,1.32e-05,1.95e-05,6.97e-06,6.25e-06
1.07,1.33e-05,1.96e-05,7.02e-06,6.27e-06
1.12,1.34e-05,1.97e-05,7.08e-06,6.29e-06
1.16,1.34e-05,1.97e-05,7.13e-06,6.3e-06
1.2,1.35e-05,1.98e-05,7.19e-06,6.32e-06
1.25,1.36e-05,1.99e-05,7.24e-06,6.34e-06
1.29,1.37e-05,2e-05,7.3e-06,6.35e-06
1.33,1.37e-05,2.01e-05,7.35e-06,6.37e-06
1.38,1.38e-05,2.02e-05,7.41e-06,6.39e-06
1.42,1.39e-05,2.03e-05,7.46e-06,6.41e-06
1.46,1.39e-05,2.04e-05,7.51e-06,6.43e-06
1.5,1.4e-05,2.05e-05,7.57e-06,6.45e-06
1.55,1.41e-05,2.06e-05,7.62e-06,6.47e-06
1.59,1.42e-05,2.07e-05,7.67e-06,6.49e-06
1.63,1.42e-05,2.08e-05,7.73e-06,6.51e-06
1.68,1.43e-05,2.08e-05,7.78e-06,6.53e-06
1.72,1.44e-05,2.09e-05,7.83e-06,6.55e-06
1.76,1.45e-05,2.1e-05,7.89e-06,6.57e-06
1.8,1.45e-05,2.11e-05,7.94e-06,6.59e-06
1.85,1.46e-05,2.12e-05,7.99e-06,6.61e-06
1.89,1.47e-05,2.13e-05,8.05e-06,6.63e-06
1.93,1.47e-05,2.14e-05,8.1e-06,6.64e-06
1.98,1.48e-05,2.15e-05,8.15e-06,6.66e-06
2.02,1.49e-05,2.16e-05,8.2e-06,6.67e-06
2.06,1.49e-05,2.16e-05,8.26e-06,6.69e-06
2.11,1.5e-05,2.17e-05,8.31e-06,6.71e-06
2.15,1.51e-05,2.18e-05,8.36e-06,6.72e-06
2.19,1.52e-05,2.19e-05,8.41e-06,6.74e-06
2.23,1.52e-05,2.2e-05,8.47e-06,6.76e-06
2.28,1.53e-05,2.21e-05,8.52e-06,6.78e-06
2.32,1.54e-05,2.22e-05,8.57e-06,6.79e-06
2.36,1.54e-05,2.22e-05,8.63e-06,6.81e-06
2.41,1.55e-05,2.23e-05,8.68e-06,6.83e-06
2.45,1.56e-05,2.24e-05,8.73e-06,6.85e-06
2.49,1.56e-05,2.25e-05,8.78e-06,6.86e-06
2.54,1.57e-05,2.26e-05,8.83e-06,6.88e-06
2.58,1.58e-05,2.27e-05,8.88e-06,6.9e-06
2.62,1.59e-05,2.28e-05,8.94e-06,6.92e-06
2.66,1.59e-05,2.29e-05,8.99e-06,6.94e-06
2.71,1.6e-05,2.29e-05,9.04e-06,6.95e-06
2.75,1.61e-05,2.3e-05,9.09e-06,6.97e-06
2.79,1.61e-05,2.31e-05,9.14e-06,6.99e-06
2.84,1.62e-05,2.32e-05,9.19e-06,7e-06
2.88,1.63e-05,2.33e-05,9.24e-06,7.02e-06
2.92,1.63e-05,2.34e-05,9.29e-06,7.04e-06
2.97,1.64e-05,2.35e-05,9.34e-06,7.06e-06
3.01,1.65e-05,2.35e-05,9.39e-06,7.07e-06
3.05,1.65e-05,2.36e-05,9.44e-06,7.09e-06
3.09,1.66e-05,2.37e-05,9.49e-06,7.11e-06
3.14,1.67e-05,2.38e-05,9.54e-06,7.12e-06
3.18,1.67e-05,2.39e-05,9.59e-06,7.14e-06
3.22,1.68e-05,2.4e-05,9.64e-06,7.16e-06
3.27,1.69e-05,2.4e-05,9.69e-06,7.17e-06
3.31,1.69e-05,2.41e-05,9.74e-06,7.19e-06
3.35,1.7e-05,2.42e-05,9.79e-06,7.21e-06
3.39,1.71e-05,2.43e-05,9.84e-06,7.22e-06
3.44,1.71e-05,2.44e-05,9.88e-06,7.24e-06
3.48,1.72e-05,2.44e-05,9.93e-06,7.26e-06
3.52,1.73e-05,2.45e-05,9.98e-06,7.28e-06
3.57,1.73e-05,2.46e-05,1e-05,7.3e-06
3.61,1.74e-05,2.47e-05,1.01e-05,7.31e-06
3.65,1.74e-05,2.48e-05,1.01e-05,7.33e-06
3.7,1.75e-05,2.49e-05,1.02e-05,7.35e-06
3.74,1.76e-05,2.49e-05,1.02e-05,7.37e-06
3.78,1.76e-05,2.5e-05,1.03e-05,7.38e-06
3.82,1.77e-05,2.51e-05,1.03e-05,7.4e-06
3.87,1.78e-05,2.52e-05,1.03e-05,7.42e-06
3.91,1.78e-05,2.53e-05,1.04e-05,7.43e-06
3.95,1.79e-05,2.53e-05,1.04e-05,7.45e-06
4.0,1.8e-05,2.54e-05,1.05e-05,7.47e-06
4.04,1.8e-05,2.55e-05,1.05e-05,7.48e-06
4.08,1.81e-05,2.56e-05,1.06e-05,7.5e-06
4.13,1.81e-05,2.57e-05,1.06e-05,7.51e-06
4.17,1.82e-05,2.57e-05,1.07e-05,7.53e-06
4.21,1.83e-05,2.58e-05,1.07e-05,7.54e-06
4.25,1.83e-05,2.59e-05,1.08e-05,7.56e-06
4.3,1.84e-05,2.6e-05,1.08e-05,7.58e-06
4.34,1.84e-05,2.6e-05,1.09e-05,7.59e-06
4.38,1.85e-05,2.61e-05,1.09e-05,7.61e-06
4.43,1.86e-05,2.62e-05,1.09e-05,7.62e-06
4.47,1.86e-05,2.63e-05,1.1e-05,7.64e-06
4.51,1.87e-05,2.63e-05,1.1e-05,7.66e-06
4.56,1.87e-05,2.64e-05,1.11e-05,7.67e-06
4.6,1.88e-05,2.65e-05,1.11e-05,7.69e-06
4.64,1.89e-05,2.66e-05,1.12e-05,7.71e-06
4.68,1.89e-05,2.66e-05,1.12e-05,7.72e-06
4.73,1.9e-05,2.67e-05,1.12e-05,7.74e-06
4.77,1.9e-05,2.68e-05,1.13e-05,7.75e-06
4.81,1.91e-05,2.69e-05,1.13e-05,7.76e-06
4.86,1.92e-05,2.69e-05,1.14e-05,7.78e-06
4.9,1.92e-05,2.7e-05,1.14e-05,7.79e-06
4.94,1.93e-05,2.71e-05,1.15e-05,7.81e-06
4.98,1.93e-05,2.71e-05,1.15e-05,7.82e-06
5.03,1.94e-05,2.72e-05,1.15e-05,7.84e-06
5.07,1.94e-05,2.73e-05,1.16e-05,7.85e-06
5.11,1.95e-05,2.74e-05,1.16e-05,7.86e-06
5.16,1.96e-05,2.74e-05,1.17e-05,7.88e-06
5.2,1.96e-05,2.75e-05,1.17e-05,7.89e-06
5.24,1.97e-05,2.76e-05,1.18e-05,7.9e-06
5.29,1.97e-05,2.76e-05,1.18e-05,7.91e-06
5.33,1.98e-05,2.77e-05,1.19e-05,7.92e-06
5.37,1.98e-05,2.78e-05,1.19e-05,7.94e-06
5.41,1.99e-05,2.78e-05,1.19e-05,7.95e-06
5.46,1.99e-05,2.79e-05,1.2e-05,7.96e-06
5.5,2e-05,2.8e-05,1.2e-05,7.97e-06
5.54,2e-05,2.8e-05,1.21e-05,7.98e-06
5.59,2.01e-05,2.81e-05,1.21e-05,8e-06
5.63,2.02e-05,2.82e-05,1.21e-05,8.01e-06
5.67,2.02e-05,2.82e-05,1.22e-05,8.02e-06
5.72,2.03e-05,2.83e-05,1.22e-05,8.03e-06
5.76,2.03e-05,2.84e-05,1.23e-05,8.05e-06
5.8,2.04e-05,2.84e-05,1.23e-05,8.06e-06
5.84,2.04e-05,2.85e-05,1.23e-05,8.07e-06
5.89,2.05e-05,2.86e-05,1.24e-05,8.08e-06
5.93,2.05e-05,2.86e-05,1.24e-05,8.1e-06
5.97,2.06e-05,2.87e-05,1.25e-05,8.11e-06
6.02,2.06e-05,2.87e-05,1.25e-05,8.12e-06
6.06,2.07e-05,2.88e-05,1.25e-05,8.12e-06
6.1,2.07e-05,2.88e-05,1.26e-05,8.13e-06
6.15,2.08e-05,2.89e-05,1.26e-05,8.14e-06
6.19,2.08e-05,2.9e-05,1.27e-05,8.15e-06
6.23,2.09e-05,2.9e-05,1.27e-05,8.16e-06
6.27,2.09e-05,2.91e-05,1.27e-05,8.17e-06
6.32,2.1e-05,2.91e-05,1.28e-05,8.17e-06
6.36,2.1e-05,2.92e-05,1.28e-05,8.18e-06
6.4,2.1e-05,2.92e-05,1.29e-05,8.19e-06
6.45,2.11e-05,2.93e-05,1.29e-05,8.2e-06
6.49,2.11e-05,2.94e-05,1.29e-05,8.22e-06
6.53,2.12e-05,2.94e-05,1.3e-05,8.23e-06
6.57,2.12e-05,2.95e-05,1.3e-05,8.24e-06
6.62,2.13e-05,2.95e-05,1.3e-05,8.25e-06
6.66,2.13e-05,2.96e-05,1.31e-05,8.26e-06
6.7,2.14e-05,2.97e-05,1.31e-05,8.28e-06
6.75,2.14e-05,2.97e-05,1.31e-05,8.29e-06
6.79,2.15e-05,2.98e-05,1.32e-05,8.3e-06
6.83,2.15e-05,2.98e-05,1.32e-05,8.31e-06
6.88,2.16e-05,2.99e-05,1.32e-05,8.32e-06
6.92,2.16e-05,2.99e-05,1.33e-05,8.33e-06
6.96,2.16e-05,3e-05,1.33e-05,8.34e-06
7.0,2.17e-05,3e-05,1.33e-05,8.35e-06
7.05,2.17e-05,3.01e-05,1.34e-05,8.35e-06
7.09,2.18e-05,3.01e-05,1.34e-05,8.36e-06
7.13,2.18e-05,3.02e-05,1.34e-05,8.37e-06
7.18,2.18e-05,3.02e-05,1.35e-05,8.38e-06
7.22,2.19e-05,3.03e-05,1.35e-05,8.39e-06
7.26,2.19e-05,3.03e-05,1.35e-05,8.4e-06
7.31,2.2e-05,3.04e-05,1.36e-05,8.41e-06
7.35,2.2e-05,3.04e-05,1.36e-05,8.42e-06
7.39,2.21e-05,3.05e-05,1.36e-05,8.43e-06
7.43,2.21e-05,3.05e-05,1.37e-05,8.44e-06
7.48,2.21e-05,3.06e-05,1.37e-05,8.46e-06
7.52,2.22e-05,3.07e-05,1.37e-05,8.47e-06
7.56,2.22e-05,3.07e-05,1.38e-05,8.48e-06
7.61,2.23e-05,3.08e-05,1.38e-05,8.49e-06
7.65,2.23e-05,3.08e-05,1.38e-05,8.51e-06
7.69,2.24e-05,3.09e-05,1.39e-05,8.52e-06
7.74,2.24e-05,3.09e-05,1.39e-05,8.52e-06
7.78,2.24e-05,3.1e-05,1.39e-05,8.53e-06
7.82,2.25e-05,3.1e-05,1.39e-05,8.54e-06
7.86,2.25e-05,3.1e-05,1.4e-05,8.54e-06
7.91,2.25e-05,3.11e-05,1.4e-05,8.54e-06
7.95,2.26e-05,3.11e-05,1.4e-05,8.55e-06
7.99,2.26e-05,3.11e-05,1.4e-05,8.55e-06
8.04,2.26e-05,3.12e-05,1.41e-05,8.55e-06
8.08,2.26e-05,3.12e-05,1.41e-05,8.56e-06
8.12,2.27e-05,3.12e-05,1.41e-05,8.56e-06
8.17,2.27e-05,3.13e-05,1.41e-05,8.57e-06
8.21,2.27e-05,3.13e-05,1.42e-05,8.57e-06
8.25,2.28e-05,3.13e-05,1.42e-05,8.58e-06
8.29,2.28e-05,3.14e-05,1.42e-05,8.59e-06
8.34,2.28e-05,3.14e-05,1.42e-05,8.6e-06
8.38,2.29e-05,3.15e-05,1.43e-05,8.61e-06
8.42,2.29e-05,3.15e-05,1.43e-05,8.62e-06
8.47,2.29e-05,3.16e-05,1.43e-05,8.63e-06
8.51,2.3e-05,3.16e-05,1.43e-05,8.64e-06
8.55,2.3e-05,3.17e-05,1.44e-05,8.65e-06
8.59,2.3e-05,3.17e-05,1.44e-05,8.65e-06
8.64,2.31e-05,3.17e-05,1.44e-05,8.66e-06
8.68,2.31e-05,3.18e-05,1.44e-05,8.66e-06
8.72,2.31e-05,3.18e-05,1.45e-05,8.67e-06
8.77,2.32e-05,3.18e-05,1.45e-05,8.67e-06
8.81,2.32e-05,3.19e-05,1.45e-05,8.68e-06
8.85,2.32e-05,3.19e-05,1.45e-05,8.68e-06
8.9,2.32e-05,3.19e-05,1.46e-05,8.68e-06
8.94,2.33e-05,3.2e-05,1.46e-05,8.69e-06
8.98,2.33e-05,3.2e-05,1.46e-05,8.69e-06
9.02,2.33e-05,3.2e-05,1.46e-05,8.7e-06
9.07,2.33e-05,3.21e-05,1.46e-05,8.71e-06
9.11,2.34e-05,3.21e-05,1.47e-05,8.71e-06
9.15,2.34e-05,3.21e-05,1.47e-05,8.72e-06
9.2,2.34e-05,3.22e-05,1.47e-05,8.73e-06
9.24,2.35e-05,3.22e-05,1.47e-05,8.74e-06
9.28,2.35e-05,3.22e-05,1.47e-05,8.75e-06
9.33,2.35e-05,3.23e-05,1.48e-05,8.76e-06
9.37,2.35e-05,3.23e-05,1.48e-05,8.76e-06
9.41,2.36e-05,3.23e-05,1.48e-05,8.77e-06
9.45,2.36e-05,3.24e-05,1.48e-05,8.77e-06
9.5,2.36e-05,3.24e-05,1.48e-05,8.78e-06
9.54,2.36e-05,3.24e-05,1.48e-05,8.78e-06
9.58,2.36e-05,3.24e-05,1.49e-05,8.78e-06
9.63,2.37e-05,3.25e-05,1.49e-05,8.79e-06
9.67,2.37e-05,3.25e-05,1.49e-05,8.79e-06
9.71,2.37e-05,3.25e-05,1.49e-05,8.79e-06
9.76,2.37e-05,3.25e-05,1.49e-05,8.79e-06
9.8,2.37e-05,3.25e-05,1.49e-05,8.79e-06
9.84,2.38e-05,3.26e-05,1.5e-05,8.8e-06
9.88,2.38e-05,3.26e-05,1.5e-05,8.8e-06
9.93,2.38e-05,3.26e-05,1.5e-05,8.8e-06
9.97,2.38e-05,3.26e-05,1.5e-05,8.81e-06
10.0,2.38e-05,3.27e-05,1.5e-05,8.81e-06
10.1,2.39e-05,3.27e-05,1.5e-05,8.82e-06
10.1,2.39e-05,3.27e-05,1.51e-05,8.82e-06
10.1,2.39e-05,3.27e-05,1.51e-05,8.83e-06
10.2,2.39e-05,3.28e-05,1.51e-05,8.84e-06
10.2,2.4e-05,3.28e-05,1.51e-05,8.84e-06
10.3,2.4e-05,3.28e-05,1.51e-05,8.85e-06
10.3,2.4e-05,3.28e-05,1.51e-05,8.85e-06
10.4,2.4e-05,3.29e-05,1.52e-05,8.85e-06
10.4,2.4e-05,3.29e-05,1.52e-05,8.86e-06
10.4,2.4e-05,3.29e-05,1.52e-05,8.86e-06
10.5,2.41e-05,3.29e-05,1.52e-05,8.86e-06
10.5,2.41e-05,3.29e-05,1.52e-05,8.86e-06
10.6,2.41e-05,3.3e-05,1.52e-05,8.87e-06
10.6,2.41e-05,3.3e-05,1.52e-05,8.87e-06
10.7,2.41e-05,3.3e-05,1.53e-05,8.87e-06
10.7,2.41e-05,3.3e-05,1.53e-05,8.87e-06
10.7,2.42e-05,3.3e-05,1.53e-05,8.87e-06
10.8,2.42e-05,3.31e-05,1.53e-05,8.88e-06
10.8,2.42e-05,3.31e-05,1.53e-05,8.88e-06
10.9,2.42e-05,3.31e-05,1.53e-05,8.89e-06
10.9,2.42e-05,3.31e-05,1.53e-05,8.89e-06
11.0,2.42e-05,3.31e-05,1.53e-05,8.89e-06
11.0,2.43e-05,3.32e-05,1.54e-05,8.9e-06
11.0,2.43e-05,3.32e-05,1.54e-05,8.9e-06
11.1,2.43e-05,3.32e-05,1.54e-05,8.91e-06
11.1,2.43e-05,3.32e-05,1.54e-05,8.91e-06
11.2,2.43e-05,3.32e-05,1.54e-05,8.92e-06
11.2,2.43e-05,3.33e-05,1.54e-05,8.92e-06
11.3,2.44e-05,3.33e-05,1.54e-05,8.92e-06
11.3,2.44e-05,3.33e-05,1.54e-05,8.93e-06
11.3,2.44e-05,3.33e-05,1.55e-05,8.93e-06
11.4,2.44e-05,3.33e-05,1.55e-05,8.93e-06
11.4,2.44e-05,3.33e-05,1.55e-05,8.93e-06
11.5,2.44e-05,3.33e-05,1.55e-05,8.93e-06
11.5,2.44e-05,3.34e-05,1.55e-05,8.93e-06
11.6,2.44e-05,3.34e-05,1.55e-05,8.93e-06
11.6,2.45e-05,3.34e-05,1.55e-05,8.94e-06
11.6,2.45e-05,3.34e-05,1.55e-05,8.94e-06
11.7,2.45e-05,3.34e-05,1.55e-05,8.94e-06
11.7,2.45e-05,3.34e-05,1.56e-05,8.94e-06
11.8,2.45e-05,3.34e-05,1.56e-05,8.94e-06
11.8,2.45e-05,3.35e-05,1.56e-05,8.94e-06
11.9,2.45e-05,3.35e-05,1.56e-05,8.94e-06
11.9,2.45e-05,3.35e-05,1.56e-05,8.94e-06
11.9,2.45e-05,3.35e-05,1.56e-05,8.94e-06
12.0,2.46e-05,3.35e-05,1.56e-05,8.95e-06
12.0,2.46e-05,3.35e-05,1.56e-05,8.95e-06
12.1,2.46e-05,3.35e-05,1.56e-05,8.95e-06
12.1,2.46e-05,3.35e-05,1.56e-05,8.95e-06
12.2,2.46e-05,3.36e-05,1.57e-05,8.95e-06
12.2,2.46e-05,3.36e-05,1.57e-05,8.95e-06
12.2,2.46e-05,3.36e-05,1.57e-05,8.95e-06
12.3,2.46e-05,3.36e-05,1.57e-05,8.95e-06
12.3,2.46e-05,3.36e-05,1.57e-05,8.95e-06
12.4,2.47e-05,3.36e-05,1.57e-05,8.95e-06
12.4,2.47e-05,3.36e-05,1.57e-05,8.95e-06
12.5,2.47e-05,3.36e-05,1.57e-05,8.95e-06
12.5,2.47e-05,3.36e-05,1.57e-05,8.96e-06
12.5,2.47e-05,3.36e-05,1.57e-05,8.96e-06
12.6,2.47e-05,3.37e-05,1.57e-05,8.96e-06
12.6,2.47e-05,3.37e-05,1.57e-05,8.96e-06
12.7,2.47e-05,3.37e-05,1.57e-05,8.97e-06
12.7,2.47e-05,3.37e-05,1.57e-05,8.97e-06
12.8,2.47e-05,3.37e-05,1.58e-05,8.97e-06
12.8,2.47e-05,3.37e-05,1.58e-05,8.98e-06
12.8,2.47e-05,3.37e-05,1.58e-05,8.98e-06
12.9,2.48e-05,3.37e-05,1.58e-05,8.98e-06
12.9,2.48e-05,3.37e-05,1.58e-05,8.98e-06
13.0,2.48e-05,3.38e-05,1.58e-05,8.98e-06
13.0,2.48e-05,3.38e-05,1.58e-05,8.98e-06
13.1,2.48e-05,3.38e-05,1.58e-05,8.98e-06
13.1,2.48e-05,3.38e-05,1.58e-05,8.99e-06
13.2,2.48e-05,3.38e-05,1.58e-05,8.99e-06
13.2,2.48e-05,3.38e-05,1.58e-05,8.99e-06
13.2,2.48e-05,3.38e-05,1.58e-05,8.99e-06
13.3,2.48e-05,3.38e-05,1.58e-05,8.99e-06
13.3,2.48e-05,3.38e-05,1.58e-05,8.99e-06
13.4,2.48e-05,3.38e-05,1.58e-05,8.99e-06
13.4,2.48e-05,3.38e-05,1.58e-05,8.99e-06
13.5,2.48e-05,3.38e-05,1.58e-05,8.99e-06
13.5,2.48e-05,3.38e-05,1.59e-05,8.99e-06
13.5,2.48e-05,3.38e-05,1.59e-05,8.99e-06
13.6,2.49e-05,3.38e-05,1.59e-05,8.99e-06
13.6,2.49e-05,3.39e-05,1.59e-05,8.99e-06
13.7,2.49e-05,3.39e-05,1.59e-05,8.99e-06
13.7,2.49e-05,3.39e-05,1.59e-05,8.99e-06
13.8,2.49e-05,3.39e-05,1.59e-05,8.99e-06
13.8,2.49e-05,3.39e-05,1.59e-05,8.98e-06
13.8,2.49e-05,3.39e-05,1.59e-05,8.98e-06
13.9,2.49e-05,3.39e-05,1.59e-05,8.98e-06
13.9,2.49e-05,3.39e-05,1.59e-05,8.98e-06
14.0,2.49e-05,3.39e-05,1.59e-05,8.97e-06
14.0,2.49e-05,3.39e-05,1.59e-05,8.97e-06
14.1,2.49e-05,3.39e-05,1.59e-05,8.97e-06
14.1,2.49e-05,3.39e-05,1.59e-05,8.97e-06
14.1,2.49e-05,3.39e-05,1.59e-05,8.97e-06
14.2,2.49e-05,3.39e-05,1.59e-05,8.97e-06
14.2,2.49e-05,3.39e-05,1.59e-05,8.97e-06
14.3,2.49e-05,3.39e-05,1.59e-05,8.97e-06
14.3,2.49e-05,3.39e-05,1.59e-05,8.97e-06
14.4,2.49e-05,3.39e-05,1.59e-05,8.98e-06
14.4,2.49e-05,3.39e-05,1.59e-05,8.98e-06
14.4,2.49e-05,3.39e-05,1.59e-05,8.98e-06
14.5,2.49e-05,3.39e-05,1.59e-05,8.98e-06
14.5,2.49e-05,3.39e-05,1.59e-05,8.98e-06
14.6,2.49e-05,3.39e-05,1.59e-05,8.98e-06
14.6,2.49e-05,3.39e-05,1.59e-05,8.98e-06
14.7,2.49e-05,3.39e-05,1.59e-05,8.98e-06
14.7,2.49e-05,3.39e-05,1.6e-05,8.98e-06
14.7,2.49e-05,3.39e-05,1.6e-05,8.97e-06
14.8,2.49e-05,3.39e-05,1.6e-05,8.97e-06
14.8,2.49e-05,3.39e-05,1.6e-05,8.97e-06
14.9,2.49e-05,3.39e-05,1.6e-05,8.97e-06
14.9,2.49e-05,3.39e-05,1.6e-05,8.97e-06
15.0,2.49e-05,3.39e-05,1.6e-05,8.97e-06
15.0,2.49e-05,3.39e-05,1.6e-05,8.97e-06
15.0,2.49e-05,3.39e-05,1.6e-05,8.97e-06
15.1,2.5e-05,3.39e-05,1.6e-05,8.97e-06
15.1,2.5e-05,3.39e-05,1.6e-05,8.97e-06
15.2,2.5e-05,3.39e-05,1.6e-05,8.97e-06
15.2,2.5e-05,3.4e-05,1.6e-05,8.98e-06
15.3,2.5e-05,3.4e-05,1.6e-05,8.98e-06
15.3,2.5e-05,3.4e-05,1.6e-05,8.98e-06
15.3,2.5e-05,3.4e-05,1.6e-05,8.97e-06
15.4,2.5e-05,3.4e-05,1.6e-05,8.97e-06
15.4,2.5e-05,3.4e-05,1.6e-05,8.97e-06
15.5,2.5e-05,3.39e-05,1.6e-05,8.96e-06
15.5,2.5e-05,3.39e-05,1.6e-05,8.96e-06
15.6,2.49e-05,3.39e-05,1.6e-05,8.95e-06
15.6,2.49e-05,3.39e-05,1.6e-05,8.94e-06
15.6,2.49e-05,3.39e-05,1.6e-05,8.94e-06
15.7,2.49e-05,3.38e-05,1.6e-05,8.93e-06
15.7,2.49e-05,3.38e-05,1.6e-05,8.92e-06
15.8,2.49e-05,3.38e-05,1.6e-05,8.92e-06
15.8,2.49e-05,3.38e-05,1.6e-05,8.91e-06
15.9,2.49e-05,3.38e-05,1.6e-05,8.91e-06
15.9,2.49e-05,3.38e-05,1.6e-05,8.9e-06
15.9,2.49e-05,3.38e-05,1.6e-05,8.9e-06
16.0,2.49e-05,3.38e-05,1.6e-05,8.9e-06
16.0,2.49e-05,3.38e-05,1.6e-05,8.9e-06
16.1,2.49e-05,3.38e-05,1.6e-05,8.9e-06
16.1,2.49e-05,3.38e-05,1.6e-05,8.9e-06
16.2,2.49e-05,3.38e-05,1.6e-05,8.9e-06
16.2,2.49e-05,3.38e-05,1.6e-05,8.89e-06
16.2,2.49e-05,3.38e-05,1.6e-05,8.89e-06
16.3,2.49e-05,3.38e-05,1.6e-05,8.89e-06
16.3,2.49e-05,3.37e-05,1.6e-05,8.89e-06
16.4,2.49e-05,3.37e-05,1.6e-05,8.88e-06
16.4,2.48e-05,3.37e-05,1.6e-05,8.88e-06
16.5,2.48e-05,3.37e-05,1.6e-05,8.87e-06
16.5,2.48e-05,3.37e-05,1.6e-05,8.87e-06
16.5,2.48e-05,3.37e-05,1.6e-05,8.86e-06
16.6,2.48e-05,3.37e-05,1.6e-05,8.85e-06
16.6,2.48e-05,3.36e-05,1.59e-05,8.85e-06
16.7,2.48e-05,3.36e-05,1.59e-05,8.85e-06
16.7,2.48e-05,3.36e-05,1.59e-05,8.84e-06
16.8,2.48e-05,3.36e-05,1.59e-05,8.84e-06
16.8,2.48e-05,3.36e-05,1.59e-05,8.84e-06
16.8,2.48e-05,3.36e-05,1.59e-05,8.84e-06
16.9,2.48e-05,3.36e-05,1.59e-05,8.84e-06
16.9,2.47e-05,3.36e-05,1.59e-05,8.84e-06
17.0,2.47e-05,3.36e-05,1.59e-05,8.83e-06
17.0,2.47e-05,3.36e-05,1.59e-05,8.83e-06
17.1,2.47e-05,3.36e-05,1.59e-05,8.83e-06
17.1,2.47e-05,3.35e-05,1.59e-05,8.82e-06
17.1,2.47e-05,3.35e-05,1.59e-05,8.82e-06
17.2,2.47e-05,3.35e-05,1.59e-05,8.81e-06
17.2,2.47e-05,3.35e-05,1.59e-05,8.81e-06
17.3,2.47e-05,3.35e-05,1.59e-05,8.8e-06
17.3,2.47e-05,3.34e-05,1.59e-05,8.79e-06
17.4,2.46e-05,3.34e-05,1.59e-05,8.78e-06
17.4,2.46e-05,3.34e-05,1.58e-05,8.78e-06
17.4,2.46e-05,3.34e-05,1.58e-05,8.77e-06
17.5,2.46e-05,3.34e-05,1.58e-05,8.76e-06
17.5,2.46e-05,3.33e-05,1.58e-05,8.75e-06
17.6,2.46e-05,3.33e-05,1.58e-05,8.75e-06
17.6,2.46e-05,3.33e-05,1.58e-05,8.74e-06
17.7,2.45e-05,3.33e-05,1.58e-05,8.74e-06
17.7,2.45e-05,3.33e-05,1.58e-05,8.74e-06
17.7,2.45e-05,3.33e-05,1.58e-05,8.73e-06
17.8,2.45e-05,3.33e-05,1.58e-05,8.73e-06
17.8,2.45e-05,3.32e-05,1.58e-05,8.73e-06
17.9,2.45e-05,3.32e-05,1.58e-05,8.73e-06
17.9,2.45e-05,3.32e-05,1.58e-05,8.72e-06
18.0,2.45e-05,3.32e-05,1.58e-05,8.72e-06
18.0,2.45e-05,3.32e-05,1.58e-05,8.71e-06
18.0,2.45e-05,3.32e-05,1.57e-05,8.71e-06
18.1,2.44e-05,3.31e-05,1.57e-05,8.7e-06
18.1,2.44e-05,3.31e-05,1.57e-05,8.7e-06
18.2,2.44e-05,3.31e-05,1.57e-05,8.69e-06
18.2,2.44e-05,3.31e-05,1.57e-05,8.69e-06
18.3,2.44e-05,3.31e-05,1.57e-05,8.68e-06
18.3,2.44e-05,3.3e-05,1.57e-05,8.67e-06
18.3,2.43e-05,3.3e-05,1.57e-05,8.67e-06
18.4,2.43e-05,3.3e-05,1.57e-05,8.66e-06
18.4,2.43e-05,3.3e-05,1.57e-05,8.65e-06
18.5,2.43e-05,3.29e-05,1.56e-05,8.65e-06
18.5,2.43e-05,3.29e-05,1.56e-05,8.64e-06
18.6,2.43e-05,3.29e-05,1.56e-05,8.64e-06
18.6,2.42e-05,3.29e-05,1.56e-05,8.64e-06
18.7,2.42e-05,3.29e-05,1.56e-05,8.63e-06
18.7,2.42e-05,3.28e-05,1.56e-05,8.63e-06
18.7,2.42e-05,3.28e-05,1.56e-05,8.63e-06
18.8,2.42e-05,3.28e-05,1.55e-05,8.62e-06
18.8,2.41e-05,3.28e-05,1.55e-05,8.61e-06
18.9,2.41e-05,3.27e-05,1.55e-05,8.61e-06
18.9,2.41e-05,3.27e-05,1.55e-05,8.6e-06
19.0,2.41e-05,3.27e-05,1.55e-05,8.59e-06
19.0,2.41e-05,3.27e-05,1.55e-05,8.59e-06
19.0,2.4e-05,3.26e-05,1.55e-05,8.58e-06
19.1,2.4e-05,3.26e-05,1.55e-05,8.57e-06
19.1,2.4e-05,3.26e-05,1.54e-05,8.56e-06
19.2,2.4e-05,3.25e-05,1.54e-05,8.55e-06
19.2,2.4e-05,3.25e-05,1.54e-05,8.54e-06
19.3,2.39e-05,3.25e-05,1.54e-05,8.53e-06
19.3,2.39e-05,3.24e-05,1.54e-05,8.52e-06
19.3,2.39e-05,3.24e-05,1.54e-05,8.51e-06
19.4,2.39e-05,3.24e-05,1.54e-05,8.5e-06
19.4,2.38e-05,3.23e-05,1.53e-05,8.49e-06
19.5,2.38e-05,3.23e-05,1.53e-05,8.49e-06
19.5,2.38e-05,3.23e-05,1.53e-05,8.48e-06
19.6,2.38e-05,3.22e-05,1.53e-05,8.47e-06
19.6,2.37e-05,3.22e-05,1.53e-05,8.46e-06
19.6,2.37e-05,3.22e-05,1.53e-05,8.46e-06
19.7,2.37e-05,3.21e-05,1.52e-05,8.45e-06
19.7,2.37e-05,3.21e-05,1.52e-05,8.44e-06
19.8,2.36e-05,3.21e-05,1.52e-05,8.43e-06
19.8,2.36e-05,3.2e-05,1.52e-05,8.42e-06
19.9,2.36e-05,3.2e-05,1.52e-05,8.41e-06
19.9,2.36e-05,3.2e-05,1.52e-05,8.4e-06
19.9,2.35e-05,3.19e-05,1.51e-05,8.39e-06
20.0,2.35e-05,3.19e-05,1.51e-05,8.38e-06
20.0,2.35e-05,3.18e-05,1.51e-05,8.37e-06
20.1,2.34e-05,3.18e-05,1.51e-05,8.36e-06
20.1,2.34e-05,3.18e-05,1.51e-05,8.35e-06
20.2,2.34e-05,3.17e-05,1.5e-05,8.34e-06
20.2,2.33e-05,3.17e-05,1.5e-05,8.33e-06
20.2,2.33e-05,3.16e-05,1.5e-05,8.32e-06
20.3,2.33e-05,3.16e-05,1.5e-05,8.32e-06
20.3,2.33e-05,3.16e-05,1.49e-05,8.31e-06
20.4,2.32e-05,3.15e-05,1.49e-05,8.3e-06
20.4,2.32e-05,3.15e-05,1.49e-05,8.3e-06
20.5,2.32e-05,3.15e-05,1.49e-05,8.29e-06
20.5,2.31e-05,3.14e-05,1.49e-05,8.28e-06
20.5,2.31e-05,3.14e-05,1.48e-05,8.27e-06
20.6,2.31e-05,3.13e-05,1.48e-05,8.26e-06
20.6,2.3e-05,3.13e-05,1.48e-05,8.25e-06
20.7,2.3e-05,3.13e-05,1.48e-05,8.24e-06
20.7,2.3e-05,3.12e-05,1.48e-05,8.23e-06
20.8,2.3e-05,3.12e-05,1.47e-05,8.21e-06
20.8,2.29e-05,3.11e-05,1.47e-05,8.2e-06
20.8,2.29e-05,3.11e-05,1.47e-05,8.19e-06
20.9,2.28e-05,3.1e-05,1.47e-05,8.18e-06
20.9,2.28e-05,3.1e-05,1.46e-05,8.17e-06
21.0,2.28e-05,3.09e-05,1.46e-05,8.16e-06
21.0,2.27e-05,3.09e-05,1.46e-05,8.14e-06
21.1,2.27e-05,3.08e-05,1.46e-05,8.13e-06
21.1,2.27e-05,3.08e-05,1.45e-05,8.12e-06
21.1,2.26e-05,3.07e-05,1.45e-05,8.11e-06
21.2,2.26e-05,3.07e-05,1.45e-05,8.1e-06
21.2,2.25e-05,3.06e-05,1.45e-05,8.09e-06
21.3,2.25e-05,3.06e-05,1.44e-05,8.07e-06
21.3,2.25e-05,3.05e-05,1.44e-05,8.06e-06
21.4,2.24e-05,3.05e-05,1.44e-05,8.05e-06
21.4,2.24e-05,3.04e-05,1.44e-05,8.03e-06
21.4,2.24e-05,3.04e-05,1.43e-05,8.02e-06
21.5,2.23e-05,3.03e-05,1.43e-05,8e-06
21.5,2.23e-05,3.03e-05,1.43e-05,7.99e-06
21.6,2.22e-05,3.02e-05,1.43e-05,7.97e-06
21.6,2.22e-05,3.02e-05,1.42e-05,7.96e-06
21.7,2.22e-05,3.01e-05,1.42e-05,7.95e-06
21.7,2.21e-05,3e-05,1.42e-05,7.93e-06
21.7,2.21e-05,3e-05,1.42e-05,7.92e-06
21.8,2.2e-05,2.99e-05,1.41e-05,7.9e-06
21.8,2.2e-05,2.99e-05,1.41e-05,7.89e-06
21.9,2.2e-05,2.98e-05,1.41e-05,7.88e-06
21.9,2.19e-05,2.98e-05,1.4e-05,7.87e-06
22.0,2.19e-05,2.97e-05,1.4e-05,7.86e-06
22.0,2.18e-05,2.97e-05,1.4e-05,7.84e-06
22.0,2.18e-05,2.96e-05,1.4e-05,7.83e-06
22.1,2.17e-05,2.96e-05,1.39e-05,7.82e-06
22.1,2.17e-05,2.95e-05,1.39e-05,7.81e-06
22.2,2.17e-05,2.95e-05,1.39e-05,7.8e-06
22.2,2.16e-05,2.94e-05,1.38e-05,7.79e-06
22.3,2.16e-05,2.93e-05,1.38e-05,7.77e-06
22.3,2.15e-05,2.93e-05,1.38e-05,7.76e-06
22.3,2.15e-05,2.92e-05,1.37e-05,7.75e-06
22.4,2.14e-05,2.92e-05,1.37e-05,7.73e-06
22.4,2.14e-05,2.91e-05,1.37e-05,7.72e-06
22.5,2.13e-05,2.9e-05,1.36e-05,7.7e-06
22.5,2.13e-05,2.9e-05,1.36e-05,7.69e-06
22.6,2.12e-05,2.89e-05,1.36e-05,7.67e-06
22.6,2.12e-05,2.89e-05,1.35e-05,7.66e-06
22.6,2.12e-05,2.88e-05,1.35e-05,7.64e-06
22.7,2.11e-05,2.87e-05,1.35e-05,7.63e-06
22.7,2.11e-05,2.87e-05,1.35e-05,7.61e-06
22.8,2.1e-05,2.86e-05,1.34e-05,7.6e-06
22.8,2.1e-05,2.86e-05,1.34e-05,7.59e-06
22.9,2.1e-05,2.85e-05,1.34e-05,7.57e-06
22.9,2.09e-05,2.85e-05,1.34e-05,7.56e-06
22.9,2.09e-05,2.84e-05,1.33e-05,7.54e-06
23.0,2.08e-05,2.83e-05,1.33e-05,7.53e-06
23.0,2.08e-05,2.83e-05,1.33e-05,7.51e-06
23.1,2.07e-05,2.82e-05,1.32e-05,7.5e-06
23.1,2.07e-05,2.81e-05,1.32e-05,7.48e-06
23.2,2.06e-05,2.81e-05,1.31e-05,7.47e-06
23.2,2.05e-05,2.8e-05,1.31e-05,7.45e-06
23.2,2.05e-05,2.79e-05,1.31e-05,7.43e-06
23.3,2.04e-05,2.78e-05,1.3e-05,7.41e-06
23.3,2.04e-05,2.78e-05,1.3e-05,7.39e-06
23.4,2.03e-05,2.77e-05,1.29e-05,7.38e-06
23.4,2.03e-05,2.76e-05,1.29e-05,7.36e-06
23.5,2.02e-05,2.75e-05,1.29e-05,7.34e-06
23.5,2.01e-05,2.75e-05,1.28e-05,7.33e-06
23.5,2.01e-05,2.74e-05,1.28e-05,7.31e-06
23.6,2e-05,2.73e-05,1.27e-05,7.29e-06
23.6,2e-05,2.73e-05,1.27e-05,7.28e-06
23.7,1.99e-05,2.72e-05,1.27e-05,7.26e-06
23.7,1.99e-05,2.71e-05,1.26e-05,7.25e-06
23.8,1.98e-05,2.71e-05,1.26e-05,7.24e-06
23.8,1.98e-05,2.7e-05,1.26e-05,7.22e-06
23.9,1.97e-05,2.7e-05,1.25e-05,7.21e-06
23.9,1.97e-05,2.69e-05,1.25e-05,7.2e-06
23.9,1.96e-05,2.68e-05,1.25e-05,7.18e-06
24.0,1.96e-05,2.68e-05,1.24e-05,7.17e-06
24.0,1.95e-05,2.67e-05,1.24e-05,7.15e-06
24.1,1.95e-05,2.66e-05,1.23e-05,7.13e-06
24.1,1.94e-05,2.65e-05,1.23e-05,7.12e-06
24.2,1.94e-05,2.65e-05,1.23e-05,7.1e-06
24.2,1.93e-05,2.64e-05,1.22e-05,7.08e-06
24.2,1.92e-05,2.63e-05,1.22e-05,7.06e-06
24.3,1.92e-05,2.62e-05,1.21e-05,7.04e-06
24.3,1.91e-05,2.62e-05,1.21e-05,7.03e-06
24.4,1.91e-05,2.61e-05,1.21e-05,7.01e-06
24.4,1.9e-05,2.6e-05,1.2e-05,6.99e-06
24.5,1.9e-05,2.59e-05,1.2e-05,6.98e-06
24.5,1.89e-05,2.59e-05,1.19e-05,6.96e-06
24.5,1.88e-05,2.58e-05,1.19e-05,6.95e-06
24.6,1.88e-05,2.57e-05,1.18e-05,6.93e-06
24.6,1.87e-05,2.56e-05,1.18e-05,6.92e-06
24.7,1.87e-05,2.56e-05,1.18e-05,6.9e-06
24.7,1.86e-05,2.55e-05,1.17e-05,6.89e-06
24.8,1.85e-05,2.54e-05,1.17e-05,6.87e-06
24.8,1.85e-05,2.53e-05,1.16e-05,6.85e-06
24.8,1.84e-05,2.53e-05,1.16e-05,6.83e-06
24.9,1.84e-05,2.52e-05,1.15e-05,6.82e-06
24.9,1.83e-05,2.51e-05,1.15e-05,6.8e-06
25.0,1.82e-05,2.5e-05,1.15e-05,6.78e-06
25.0,1.82e-05,2.49e-05,1.14e-05,6.76e-06
25.1,1.81e-05,2.48e-05,1.14e-05,6.74e-06
25.1,1.8e-05,2.48e-05,1.13e-05,6.72e-06
25.1,1.8e-05,2.47e-05,1.13e-05,6.7e-06
25.2,1.79e-05,2.46e-05,1.12e-05,6.68e-06
25.2,1.78e-05,2.45e-05,1.12e-05,6.66e-06
25.3,1.78e-05,2.44e-05,1.11e-05,6.65e-06
25.3,1.77e-05,2.44e-05,1.11e-05,6.63e-06
25.4,1.77e-05,2.43e-05,1.11e-05,6.61e-06
25.4,1.76e-05,2.42e-05,1.1e-05,6.6e-06
25.4,1.75e-05,2.41e-05,1.1e-05,6.58e-06
25.5,1.75e-05,2.41e-05,1.09e-05,6.57e-06
25.5,1.74e-05,2.4e-05,1.09e-05,6.55e-06
25.6,1.74e-05,2.39e-05,1.08e-05,6.54e-06
25.6,1.73e-05,2.38e-05,1.08e-05,6.52e-06
25.7,1.72e-05,2.37e-05,1.07e-05,6.5e-06
25.7,1.72e-05,2.37e-05,1.07e-05,6.49e-06
25.7,1.71e-05,2.36e-05,1.06e-05,6.47e-06
25.8,1.7e-05,2.35e-05,1.06e-05,6.45e-06
25.8,1.7e-05,2.34e-05,1.05e-05,6.43e-06
25.9,1.69e-05,2.33e-05,1.05e-05,6.41e-06
25.9,1.68e-05,2.32e-05,1.04e-05,6.39e-06
26.0,1.68e-05,2.31e-05,1.04e-05,6.37e-06
26.0,1.67e-05,2.31e-05,1.04e-05,6.35e-06
26.0,1.66e-05,2.3e-05,1.03e-05,6.34e-06
26.1,1.66e-05,2.29e-05,1.03e-05,6.32e-06
26.1,1.65e-05,2.28e-05,1.02e-05,6.3e-06
26.2,1.64e-05,2.27e-05,1.02e-05,6.28e-06
26.2,1.64e-05,2.26e-05,1.01e-05,6.27e-06
26.3,1.63e-05,2.26e-05,1.01e-05,6.25e-06
26.3,1.62e-05,2.25e-05,1e-05,6.24e-06
26.3,1.62e-05,2.24e-05,9.95e-06,6.22e-06
26.4,1.61e-05,2.23e-05,9.9e-06,6.21e-06
26.4,1.6e-05,2.22e-05,9.85e-06,6.19e-06
26.5,1.6e-05,2.21e-05,9.8e-06,6.17e-06
26.5,1.59e-05,2.21e-05,9.75e-06,6.16e-06
26.6,1.58e-05,2.2e-05,9.7e-06,6.14e-06
26.6,1.58e-05,2.19e-05,9.65e-06,6.12e-06
26.6,1.57e-05,2.18e-05,9.6e-06,6.1e-06
26.7,1.56e-05,2.17e-05,9.55e-06,6.08e-06
26.7,1.56e-05,2.16e-05,9.5e-06,6.06e-06
26.8,1.55e-05,2.15e-05,9.45e-06,6.05e-06
26.8,1.54e-05,2.15e-05,9.4e-06,6.03e-06
26.9,1.54e-05,2.14e-05,9.35e-06,6.01e-06
26.9,1.53e-05,2.13e-05,9.3e-06,5.99e-06
26.9,1.52e-05,2.12e-05,9.25e-06,5.97e-06
27.0,1.52e-05,2.11e-05,9.2e-06,5.95e-06
27.0,1.51e-05,2.1e-05,9.15e-06,5.94e-06
27.1,1.5e-05,2.09e-05,9.1e-06,5.92e-06
27.1,1.49e-05,2.08e-05,9.05e-06,5.9e-06
27.2,1.49e-05,2.08e-05,8.99e-06,5.89e-06
27.2,1.48e-05,2.07e-05,8.94e-06,5.87e-06
27.2,1.47e-05,2.06e-05,8.89e-06,5.85e-06
27.3,1.47e-05,2.05e-05,8.84e-06,5.84e-06
27.3,1.46e-05,2.04e-05,8.78e-06,5.82e-06
27.4,1.45e-05,2.03e-05,8.73e-06,5.81e-06
27.4,1.45e-05,2.03e-05,8.68e-06,5.79e-06
27.5,1.44e-05,2.02e-05,8.63e-06,5.77e-06
27.5,1.43e-05,2.01e-05,8.57e-06,5.75e-06
27.5,1.43e-05,2e-05,8.52e-06,5.74e-06
27.6,1.42e-05,1.99e-05,8.47e-06,5.72e-06
27.6,1.41e-05,1.98e-05,8.42e-06,5.7e-06
27.7,1.4e-05,1.97e-05,8.36e-06,5.68e-06
27.7,1.4e-05,1.96e-05,8.31e-06,5.66e-06
27.8,1.39e-05,1.96e-05,8.26e-06,5.65e-06
27.8,1.38e-05,1.95e-05,8.2e-06,5.63e-06
27.8,1.38e-05,1.94e-05,8.15e-06,5.61e-06
27.9,1.37e-05,1.93e-05,8.09e-06,5.6e-06
27.9,1.36e-05,1.92e-05,8.04e-06,5.58e-06
28.0,1.36e-05,1.91e-05,7.99e-06,5.57e-06
28.0,1.35e-05,1.9e-05,7.93e-06,5.55e-06
28.1,1.34e-05,1.9e-05,7.88e-06,5.54e-06
28.1,1.33e-05,1.89e-05,7.83e-06,5.52e-06
28.1,1.33e-05,1.88e-05,7.77e-06,5.5e-06
28.2,1.32e-05,1.87e-05,7.72e-06,5.49e-06
28.2,1.31e-05,1.86e-05,7.67e-06,5.47e-06
28.3,1.31e-05,1.85e-05,7.62e-06,5.45e-06
28.3,1.3e-05,1.84e-05,7.57e-06,5.43e-06
28.4,1.29e-05,1.83e-05,7.52e-06,5.41e-06
28.4,1.29e-05,1.83e-05,7.47e-06,5.39e-06
28.4,1.28e-05,1.82e-05,7.42e-06,5.37e-06
28.5,1.27e-05,1.81e-05,7.37e-06,5.35e-06
28.5,1.26e-05,1.8e-05,7.32e-06,5.33e-06
28.6,1.26e-05,1.79e-05,7.27e-06,5.31e-06
28.6,1.25e-05,1.78e-05,7.21e-06,5.29e-06
28.7,1.24e-05,1.77e-05,7.16e-06,5.27e-06
28.7,1.24e-05,1.76e-05,7.11e-06,5.25e-06
28.7,1.23e-05,1.75e-05,7.05e-06,5.24e-06
28.8,1.22e-05,1.74e-05,7e-06,5.22e-06
28.8,1.21e-05,1.73e-05,6.95e-06,5.2e-06
28.9,1.21e-05,1.73e-05,6.9e-06,5.18e-06
28.9,1.2e-05,1.72e-05,6.85e-06,5.16e-06
29.0,1.19e-05,1.71e-05,6.79e-06,5.14e-06
29.0,1.19e-05,1.7e-05,6.74e-06,5.13e-06
29.1,1.18e-05,1.69e-05,6.69e-06,5.11e-06
29.1,1.17e-05,1.68e-05,6.64e-06,5.09e-06
29.1,1.17e-05,1.67e-05,6.59e-06,5.07e-06
29.2,1.16e-05,1.66e-05,6.54e-06,5.05e-06
29.2,1.15e-05,1.66e-05,6.49e-06,5.03e-06
29.3,1.15e-05,1.65e-05,6.44e-06,5.01e-06
29.3,1.14e-05,1.64e-05,6.39e-06,5e-06
29.4,1.13e-05,1.63e-05,6.34e-06,4.98e-06
29.4,1.13e-05,1.62e-05,6.29e-06,4.96e-06
29.4,1.12e-05,1.61e-05,6.24e-06,4.94e-06
29.5,1.11e-05,1.6e-05,6.19e-06,4.92e-06
29.5,1.1e-05,1.59e-05,6.14e-06,4.9e-06
29.6,1.1e-05,1.59e-05,6.09e-06,4.89e-06
29.6,1.09e-05,1.58e-05,6.04e-06,4.87e-06
29.7,1.08e-05,1.57e-05,5.98e-06,4.86e-06
29.7,1.08e-05,1.56e-05,5.93e-06,4.84e-06
29.7,1.07e-05,1.55e-05,5.88e-06,4.83e-06
29.8,1.06e-05,1.55e-05,5.83e-06,4.81e-06
29.8,1.06e-05,1.54e-05,5.78e-06,4.79e-06
29.9,1.05e-05,1.53e-05,5.73e-06,4.78e-06
29.9,1.04e-05,1.52e-05,5.69e-06,4.76e-06
30.0,1.04e-05,1.51e-05,5.64e-06,4.75e-06
30.0,1.03e-05,1.51e-05,5.59e-06,4.73e-06
30.0,1.03e-05,1.5e-05,5.54e-06,4.71e-06
30.1,1.02e-05,1.49e-05,5.5e-06,4.7e-06
30.1,1.01e-05,1.48e-05,5.45e-06,4.68e-06
30.2,1.01e-05,1.47e-05,5.41e-06,4.66e-06
30.2,1e-05,1.46e-05,5.37e-06,4.64e-06
30.3,9.95e-06,1.46e-05,5.32e-06,4.63e-06
30.3,9.89e-06,1.45e-05,5.28e-06,4.61e-06
30.3,9.83e-06,1.44e-05,5.23e-06,4.59e-06
30.4,9.77e-06,1.43e-05,5.19e-06,4.58e-06
30.4,9.71e-06,1.43e-05,5.15e-06,4.56e-06
30.5,9.65e-06,1.42e-05,5.11e-06,4.54e-06
30.5,9.59e-06,1.41e-05,5.06e-06,4.53e-06
30.6,9.54e-06,1.41e-05,5.02e-06,4.51e-06
30.6,9.48e-06,1.4e-05,4.98e-06,4.5e-06
30.6,9.42e-06,1.39e-05,4.94e-06,4.48e-06
30.7,9.37e-06,1.38e-05,4.9e-06,4.47e-06
30.7,9.31e-06,1.38e-05,4.85e-06,4.45e-06
30.8,9.25e-06,1.37e-05,4.81e-06,4.44e-06
30.8,9.19e-06,1.36e-05,4.77e-06,4.42e-06
30.9,9.13e-06,1.35e-05,4.72e-06,4.41e-06
30.9,9.07e-06,1.35e-05,4.68e-06,4.39e-06
30.9,9.01e-06,1.34e-05,4.64e-06,4.37e-06
31.0,8.95e-06,1.33e-05,4.6e-06,4.36e-06
31.0,8.89e-06,1.32e-05,4.55e-06,4.34e-06
31.1,8.84e-06,1.32e-05,4.51e-06,4.32e-06
31.1,8.78e-06,1.31e-05,4.47e-06,4.31e-06
31.2,8.73e-06,1.3e-05,4.44e-06,4.29e-06
31.2,8.67e-06,1.29e-05,4.4e-06,4.28e-06
31.2,8.62e-06,1.29e-05,4.36e-06,4.26e-06
31.3,8.57e-06,1.28e-05,4.33e-06,4.24e-06
31.3,8.52e-06,1.27e-05,4.29e-06,4.23e-06
31.4,8.47e-06,1.27e-05,4.25e-06,4.21e-06
31.4,8.42e-06,1.26e-05,4.22e-06,4.2e-06
31.5,8.37e-06,1.26e-05,4.18e-06,4.19e-06
31.5,8.32e-06,1.25e-05,4.14e-06,4.17e-06
31.5,8.26e-06,1.24e-05,4.11e-06,4.16e-06
31.6,8.21e-06,1.24e-05,4.07e-06,4.15e-06
31.6,8.16e-06,1.23e-05,4.03e-06,4.13e-06
31.7,8.11e-06,1.22e-05,3.99e-06,4.12e-06
31.7,8.06e-06,1.22e-05,3.96e-06,4.1e-06
31.8,8.01e-06,1.21e-05,3.92e-06,4.09e-06
31.8,7.96e-06,1.2e-05,3.88e-06,4.08e-06
31.8,7.91e-06,1.2e-05,3.84e-06,4.06e-06
31.9,7.86e-06,1.19e-05,3.81e-06,4.05e-06
31.9,7.8e-06,1.18e-05,3.77e-06,4.03e-06
32.0,7.75e-06,1.18e-05,3.73e-06,4.02e-06
32.0,7.7e-06,1.17e-05,3.7e-06,4.01e-06
32.1,7.65e-06,1.16e-05,3.66e-06,4e-06
32.1,7.6e-06,1.16e-05,3.62e-06,3.98e-06
32.1,7.56e-06,1.15e-05,3.59e-06,3.97e-06
32.2,7.51e-06,1.15e-05,3.55e-06,3.96e-06
32.2,7.46e-06,1.14e-05,3.51e-06,3.95e-06
32.3,7.41e-06,1.13e-05,3.48e-06,3.94e-06
32.3,7.37e-06,1.13e-05,3.44e-06,3.92e-06
32.4,7.32e-06,1.12e-05,3.41e-06,3.91e-06
32.4,7.27e-06,1.12e-05,3.37e-06,3.9e-06
32.4,7.23e-06,1.11e-05,3.34e-06,3.89e-06
32.5,7.18e-06,1.11e-05,3.31e-06,3.88e-06
32.5,7.14e-06,1.1e-05,3.27e-06,3.86e-06
32.6,7.09e-06,1.09e-05,3.24e-06,3.85e-06
32.6,7.05e-06,1.09e-05,3.21e-06,3.84e-06
32.7,7e-06,1.08e-05,3.18e-06,3.82e-06
32.7,6.96e-06,1.08e-05,3.15e-06,3.81e-06
32.7,6.91e-06,1.07e-05,3.11e-06,3.8e-06
32.8,6.87e-06,1.06e-05,3.08e-06,3.78e-06
32.8,6.82e-06,1.06e-05,3.05e-06,3.77e-06
32.9,6.78e-06,1.05e-05,3.02e-06,3.76e-06
32.9,6.74e-06,1.05e-05,2.99e-06,3.74e-06
33.0,6.7e-06,1.04e-05,2.96e-06,3.73e-06
33.0,6.66e-06,1.04e-05,2.94e-06,3.72e-06
33.0,6.62e-06,1.03e-05,2.91e-06,3.71e-06
33.1,6.58e-06,1.03e-05,2.87e-06,3.7e-06
33.1,6.54e-06,1.02e-05,2.84e-06,3.7e-06
33.2,6.5e-06,1.02e-05,2.81e-06,3.69e-06
33.2,6.46e-06,1.01e-05,2.78e-06,3.68e-06
33.3,6.42e-06,1.01e-05,2.75e-06,3.67e-06
33.3,6.39e-06,1.01e-05,2.72e-06,3.66e-06
33.3,6.35e-06,1e-05,2.69e-06,3.66e-06
33.4,6.31e-06,9.95e-06,2.66e-06,3.65e-06
33.4,6.27e-06,9.91e-06,2.63e-06,3.64e-06
33.5,6.23e-06,9.86e-06,2.6e-06,3.63e-06
33.5,6.19e-06,9.81e-06,2.57e-06,3.62e-06
33.6,6.15e-06,9.76e-06,2.55e-06,3.61e-06
33.6,6.11e-06,9.71e-06,2.52e-06,3.6e-06
33.6,6.08e-06,9.66e-06,2.49e-06,3.58e-06
33.7,6.04e-06,9.61e-06,2.46e-06,3.57e-06
33.7,6e-06,9.57e-06,2.44e-06,3.56e-06
33.8,5.97e-06,9.52e-06,2.41e-06,3.56e-06
33.8,5.93e-06,9.48e-06,2.38e-06,3.55e-06
33.9,5.89e-06,9.43e-06,2.36e-06,3.54e-06
33.9,5.86e-06,9.39e-06,2.33e-06,3.53e-06
33.9,5.82e-06,9.35e-06,2.3e-06,3.52e-06
34.0,5.79e-06,9.31e-06,2.28e-06,3.52e-06
34.0,5.76e-06,9.27e-06,2.25e-06,3.51e-06
34.1,5.73e-06,9.23e-06,2.22e-06,3.5e-06
34.1,5.69e-06,9.19e-06,2.2e-06,3.49e-06
34.2,5.66e-06,9.15e-06,2.17e-06,3.49e-06
34.2,5.63e-06,9.11e-06,2.15e-06,3.48e-06
34.3,5.6e-06,9.07e-06,2.13e-06,3.47e-06
34.3,5.57e-06,9.03e-06,2.1e-06,3.46e-06
34.3,5.54e-06,8.99e-06,2.08e-06,3.45e-06
34.4,5.51e-06,8.95e-06,2.06e-06,3.45e-06
34.4,5.48e-06,8.91e-06,2.04e-06,3.44e-06
34.5,5.45e-06,8.87e-06,2.02e-06,3.43e-06
34.5,5.42e-06,8.84e-06,2e-06,3.42e-06
34.6,5.39e-06,8.8e-06,1.97e-06,3.41e-06
34.6,5.36e-06,8.76e-06,1.95e-06,3.41e-06
34.6,5.33e-06,8.73e-06,1.93e-06,3.4e-06
34.7,5.3e-06,8.7e-06,1.91e-06,3.39e-06
34.7,5.28e-06,8.66e-06,1.89e-06,3.39e-06
34.8,5.25e-06,8.63e-06,1.86e-06,3.38e-06
34.8,5.22e-06,8.6e-06,1.84e-06,3.38e-06
34.9,5.2e-06,8.57e-06,1.82e-06,3.38e-06
34.9,5.17e-06,8.54e-06,1.79e-06,3.38e-06
34.9,5.14e-06,8.52e-06,1.77e-06,3.37e-06
35.0,5.12e-06,8.49e-06,1.75e-06,3.37e-06
35.0,5.09e-06,8.46e-06,1.73e-06,3.37e-06
35.1,5.07e-06,8.43e-06,1.7e-06,3.36e-06
35.1,5.04e-06,8.4e-06,1.68e-06,3.36e-06
35.2,5.02e-06,8.37e-06,1.66e-06,3.35e-06
35.2,4.99e-06,8.34e-06,1.64e-06,3.35e-06
35.2,4.97e-06,8.31e-06,1.62e-06,3.34e-06
35.3,4.94e-06,8.28e-06,1.6e-06,3.34e-06
35.3,4.92e-06,8.25e-06,1.58e-06,3.33e-06
35.4,4.9e-06,8.23e-06,1.56e-06,3.33e-06
35.4,4.87e-06,8.2e-06,1.55e-06,3.33e-06
35.5,4.85e-06,8.17e-06,1.53e-06,3.32e-06
35.5,4.83e-06,8.14e-06,1.51e-06,3.32e-06
35.5,4.8e-06,8.12e-06,1.49e-06,3.32e-06
35.6,4.78e-06,8.1e-06,1.47e-06,3.32e-06
35.6,4.76e-06,8.07e-06,1.45e-06,3.31e-06
35.7,4.74e-06,8.05e-06,1.43e-06,3.31e-06
35.7,4.72e-06,8.03e-06,1.41e-06,3.31e-06
35.8,4.7e-06,8.01e-06,1.39e-06,3.31e-06
35.8,4.68e-06,7.99e-06,1.37e-06,3.31e-06
35.8,4.66e-06,7.97e-06,1.35e-06,3.31e-06
35.9,4.64e-06,7.95e-06,1.33e-06,3.31e-06
35.9,4.62e-06,7.93e-06,1.31e-06,3.31e-06
36.0,4.6e-06,7.91e-06,1.3e-06,3.31e-06
36.0,4.59e-06,7.89e-06,1.28e-06,3.3e-06
36.1,4.57e-06,7.87e-06,1.27e-06,3.3e-06
36.1,4.55e-06,7.85e-06,1.25e-06,3.3e-06
36.1,4.53e-06,7.83e-06,1.24e-06,3.3e-06
36.2,4.52e-06,7.81e-06,1.22e-06,3.29e-06
36.2,4.5e-06,7.79e-06,1.21e-06,3.29e-06
36.3,4.48e-06,7.77e-06,1.2e-06,3.29e-06
36.3,4.47e-06,7.75e-06,1.18e-06,3.28e-06
36.4,4.45e-06,7.74e-06,1.17e-06,3.28e-06
36.4,4.44e-06,7.72e-06,1.16e-06,3.28e-06
36.4,4.43e-06,7.71e-06,1.14e-06,3.28e-06
36.5,4.42e-06,7.7e-06,1.13e-06,3.28e-06
36.5,4.41e-06,7.69e-06,1.12e-06,3.28e-06
36.6,4.4e-06,7.68e-06,1.11e-06,3.29e-06
36.6,4.39e-06,7.68e-06,1.1e-06,3.29e-06
36.7,4.38e-06,7.67e-06,1.09e-06,3.29e-06
36.7,4.37e-06,7.67e-06,1.08e-06,3.29e-06
36.7,4.37e-06,7.66e-06,1.07e-06,3.29e-06
36.8,4.36e-06,7.66e-06,1.07e-06,3.3e-06
36.8,4.36e-06,7.65e-06,1.06e-06,3.3e-06
36.9,4.35e-06,7.65e-06,1.05e-06,3.3e-06
36.9,4.35e-06,7.65e-06,1.04e-06,3.3e-06
37.0,4.34e-06,7.65e-06,1.04e-06,3.31e-06
37.0,4.34e-06,7.65e-06,1.03e-06,3.31e-06
37.0,4.33e-06,7.65e-06,1.02e-06,3.31e-06
37.1,4.33e-06,7.65e-06,1.01e-06,3.32e-06
37.1,4.33e-06,7.65e-06,1e-06,3.32e-06
37.2,4.32e-06,7.65e-06,9.96e-07,3.33e-06
37.2,4.32e-06,7.65e-06,9.86e-07,3.33e-06
37.3,4.32e-06,7.66e-06,9.76e-07,3.34e-06
37.3,4.31e-06,7.66e-06,9.66e-07,3.35e-06
37.3,4.31e-06,7.67e-06,9.55e-07,3.36e-06
37.4,4.31e-06,7.67e-06,9.43e-07,3.37e-06
37.4,4.31e-06,7.68e-06,9.32e-07,3.37e-06
37.5,4.3e-06,7.69e-06,9.2e-07,3.38e-06
37.5,4.3e-06,7.7e-06,9.09e-07,3.39e-06
37.6,4.3e-06,7.7e-06,8.98e-07,3.4e-06
37.6,4.3e-06,7.71e-06,8.88e-07,3.41e-06
37.6,4.3e-06,7.72e-06,8.79e-07,3.42e-06
37.7,4.3e-06,7.72e-06,8.7e-07,3.43e-06
37.7,4.29e-06,7.73e-06,8.62e-07,3.43e-06
37.8,4.29e-06,7.73e-06,8.55e-07,3.44e-06
37.8,4.29e-06,7.74e-06,8.48e-07,3.45e-06
37.9,4.29e-06,7.75e-06,8.41e-07,3.45e-06
37.9,4.29e-06,7.75e-06,8.35e-07,3.46e-06
37.9,4.29e-06,7.76e-06,8.28e-07,3.47e-06
38.0,4.29e-06,7.77e-06,8.21e-07,3.47e-06
38.0,4.29e-06,7.78e-06,8.14e-07,3.48e-06
38.1,4.3e-06,7.79e-06,8.06e-07,3.49e-06
38.1,4.3e-06,7.8e-06,7.97e-07,3.5e-06
38.2,4.3e-06,7.81e-06,7.88e-07,3.51e-06
38.2,4.3e-06,7.82e-06,7.78e-07,3.52e-06
38.2,4.3e-06,7.84e-06,7.67e-07,3.53e-06
38.3,4.3e-06,7.85e-06,7.56e-07,3.55e-06
38.3,4.3e-06,7.86e-06,7.44e-07,3.56e-06
38.4,4.3e-06,7.88e-06,7.32e-07,3.57e-06
38.4,4.31e-06,7.89e-06,7.21e-07,3.58e-06
38.5,4.31e-06,7.9e-06,7.09e-07,3.6e-06
38.5,4.31e-06,7.91e-06,6.97e-07,3.61e-06
38.5,4.31e-06,7.92e-06,6.86e-07,3.62e-06
38.6,4.3e-06,7.94e-06,6.74e-07,3.63e-06
38.6,4.3e-06,7.95e-06,6.63e-07,3.64e-06
38.7,4.3e-06,7.96e-06,6.53e-07,3.65e-06
38.7,4.31e-06,7.97e-06,6.43e-07,3.66e-06
38.8,4.31e-06,7.98e-06,6.33e-07,3.67e-06
38.8,4.31e-06,7.99e-06,6.23e-07,3.68e-06
38.8,4.31e-06,8e-06,6.13e-07,3.7e-06
38.9,4.31e-06,8.02e-06,6.02e-07,3.71e-06
38.9,4.31e-06,8.03e-06,5.91e-07,3.72e-06
39.0,4.32e-06,8.05e-06,5.8e-07,3.74e-06
39.0,4.32e-06,8.07e-06,5.67e-07,3.75e-06
39.1,4.32e-06,8.09e-06,5.54e-07,3.77e-06
39.1,4.32e-06,8.11e-06,5.4e-07,3.78e-06
39.1,4.33e-06,8.12e-06,5.26e-07,3.8e-06
39.2,4.33e-06,8.14e-06,5.11e-07,3.82e-06
39.2,4.33e-06,8.16e-06,4.97e-07,3.83e-06
39.3,4.33e-06,8.18e-06,4.82e-07,3.85e-06
39.3,4.33e-06,8.2e-06,4.68e-07,3.87e-06
39.4,4.34e-06,8.22e-06,4.54e-07,3.88e-06
39.4,4.34e-06,8.24e-06,4.4e-07,3.9e-06
39.4,4.34e-06,8.25e-06,4.26e-07,3.91e-06
39.5,4.34e-06,8.27e-06,4.12e-07,3.93e-06
39.5,4.34e-06,8.28e-06,3.98e-07,3.94e-06
39.6,4.34e-06,8.3e-06,3.84e-07,3.96e-06
39.6,4.34e-06,8.32e-06,3.7e-07,3.97e-06
39.7,4.34e-06,8.33e-06,3.55e-07,3.99e-06
39.7,4.35e-06,8.35e-06,3.4e-07,4.01e-06
39.8,4.35e-06,8.37e-06,3.25e-07,4.02e-06
39.8,4.35e-06,8.39e-06,3.09e-07,4.04e-06
39.8,4.35e-06,8.41e-06,2.92e-07,4.06e-06
39.9,4.35e-06,8.43e-06,2.76e-07,4.08e-06
39.9,4.36e-06,8.45e-06,2.58e-07,4.1e-06
40.0,4.36e-06,8.47e-06,2.41e-07,4.12e-06
40.0,4.36e-06,8.5e-06,2.24e-07,4.14e-06
40.1,4.36e-06,8.52e-06,2.06e-07,4.16e-06
40.1,4.36e-06,8.54e-06,1.89e-07,4.18e-06
40.1,4.37e-06,8.56e-06,1.71e-07,4.2e-06
40.2,4.37e-06,8.58e-06,1.54e-07,4.21e-06
40.2,4.37e-06,8.6e-06,1.37e-07,4.23e-06
40.3,4.37e-06,8.62e-06,1.2e-07,4.25e-06
40.3,4.37e-06,8.64e-06,1.03e-07,4.27e-06
40.4,4.37e-06,8.66e-06,8.6e-08,4.29e-06
40.4,4.37e-06,8.68e-06,6.93e-08,4.3e-06
40.4,4.37e-06,8.69e-06,5.27e-08,4.32e-06
40.5,4.37e-06,8.71e-06,3.59e-08,4.34e-06
40.5,4.38e-06,8.73e-06,1.9e-08,4.36e-06
40.6,4.38e-06,8.75e-06,1.94e-09,4.37e-06
40.6,4.38e-06,8.77e-06,-1.55e-08,4.39e-06
40.7,4.38e-06,8.79e-06,-3.32e-08,4.41e-06
40.7,4.38e-06,8.82e-06,-5.13e-08,4.43e-06
40.7,4.39e-06,8.84e-06,-6.99e-08,4.46e-06
40.8,4.39e-06,8.87e-06,-8.87e-08,4.48e-06
40.8,4.39e-06,8.89e-06,-1.08e-07,4.5e-06
40.9,4.39e-06,8.92e-06,-1.27e-07,4.52e-06
40.9,4.4e-06,8.94e-06,-1.47e-07,4.54e-06
41.0,4.4e-06,8.96e-06,-1.66e-07,4.57e-06
41.0,4.4e-06,8.99e-06,-1.85e-07,4.59e-06
41.0,4.4e-06,9.01e-06,-2.04e-07,4.61e-06
41.1,4.4e-06,9.03e-06,-2.22e-07,4.63e-06
41.1,4.4e-06,9.05e-06,-2.39e-07,4.64e-06
41.2,4.4e-06,9.07e-06,-2.57e-07,4.66e-06
41.2,4.4e-06,9.08e-06,-2.73e-07,4.68e-06
41.3,4.4e-06,9.1e-06,-2.9e-07,4.69e-06
41.3,4.41e-06,9.12e-06,-3.06e-07,4.71e-06
41.3,4.41e-06,9.13e-06,-3.23e-07,4.73e-06
41.4,4.41e-06,9.15e-06,-3.39e-07,4.74e-06
41.4,4.41e-06,9.17e-06,-3.57e-07,4.76e-06
41.5,4.41e-06,9.19e-06,-3.74e-07,4.78e-06
41.5,4.41e-06,9.21e-06,-3.93e-07,4.8e-06
41.6,4.41e-06,9.23e-06,-4.12e-07,4.82e-06
41.6,4.41e-06,9.25e-06,-4.31e-07,4.84e-06
41.6,4.41e-06,9.27e-06,-4.51e-07,4.86e-06
41.7,4.41e-06,9.3e-06,-4.71e-07,4.88e-06
41.7,4.41e-06,9.32e-06,-4.92e-07,4.91e-06
41.8,4.42e-06,9.35e-06,-5.12e-07,4.93e-06
41.8,4.42e-06,9.37e-06,-5.32e-07,4.95e-06
41.9,4.42e-06,9.39e-06,-5.52e-07,4.97e-06
41.9,4.42e-06,9.42e-06,-5.71e-07,4.99e-06
41.9,4.42e-06,9.44e-06,-5.9e-07,5.01e-06
42.0,4.43e-06,9.46e-06,-6.09e-07,5.03e-06
42.0,4.43e-06,9.48e-06,-6.27e-07,5.05e-06
42.1,4.43e-06,9.5e-06,-6.45e-07,5.07e-06
42.1,4.43e-06,9.52e-06,-6.62e-07,5.09e-06
42.2,4.43e-06,9.54e-06,-6.8e-07,5.11e-06
42.2,4.43e-06,9.56e-06,-6.97e-07,5.13e-06
42.2,4.43e-06,9.58e-06,-7.14e-07,5.15e-06
42.3,4.43e-06,9.6e-06,-7.32e-07,5.17e-06
42.3,4.44e-06,9.62e-06,-7.5e-07,5.19e-06
42.4,4.44e-06,9.65e-06,-7.68e-07,5.21e-06
42.4,4.44e-06,9.67e-06,-7.87e-07,5.23e-06
42.5,4.44e-06,9.69e-06,-8.06e-07,5.25e-06
42.5,4.45e-06,9.72e-06,-8.25e-07,5.27e-06
42.5,4.45e-06,9.74e-06,-8.44e-07,5.29e-06
42.6,4.45e-06,9.77e-06,-8.63e-07,5.31e-06
42.6,4.45e-06,9.79e-06,-8.82e-07,5.34e-06
42.7,4.46e-06,9.81e-06,-9.01e-07,5.36e-06
42.7,4.46e-06,9.84e-06,-9.19e-07,5.38e-06
42.8,4.46e-06,9.86e-06,-9.37e-07,5.4e-06
42.8,4.46e-06,9.88e-06,-9.54e-07,5.42e-06
42.8,4.46e-06,9.9e-06,-9.71e-07,5.43e-06
42.9,4.46e-06,9.92e-06,-9.87e-07,5.45e-06
42.9,4.47e-06,9.93e-06,-1e-06,5.47e-06
43.0,4.47e-06,9.95e-06,-1.02e-06,5.49e-06
43.0,4.47e-06,9.97e-06,-1.03e-06,5.5e-06
43.1,4.47e-06,9.99e-06,-1.05e-06,5.52e-06
43.1,4.47e-06,1e-05,-1.07e-06,5.54e-06
43.1,4.47e-06,1e-05,-1.08e-06,5.56e-06
43.2,4.48e-06,1e-05,-1.1e-06,5.57e-06
43.2,4.48e-06,1.01e-05,-1.12e-06,5.59e-06
43.3,4.48e-06,1.01e-05,-1.13e-06,5.61e-06
43.3,4.48e-06,1.01e-05,-1.15e-06,5.64e-06
43.4,4.49e-06,1.01e-05,-1.17e-06,5.66e-06
43.4,4.49e-06,1.02e-05,-1.19e-06,5.68e-06
43.4,4.49e-06,1.02e-05,-1.21e-06,5.7e-06
43.5,4.5e-06,1.02e-05,-1.22e-06,5.72e-06
43.5,4.5e-06,1.02e-05,-1.24e-06,5.74e-06
43.6,4.5e-06,1.03e-05,-1.26e-06,5.76e-06
43.6,4.51e-06,1.03e-05,-1.27e-06,5.78e-06
43.7,4.51e-06,1.03e-05,-1.29e-06,5.8e-06
43.7,4.51e-06,1.03e-05,-1.3e-06,5.81e-06
43.7,4.52e-06,1.03e-05,-1.32e-06,5.83e-06
43.8,4.52e-06,1.04e-05,-1.33e-06,5.85e-06
43.8,4.52e-06,1.04e-05,-1.34e-06,5.86e-06
43.9,4.52e-06,1.04e-05,-1.36e-06,5.88e-06
43.9,4.52e-06,1.04e-05,-1.37e-06,5.89e-06
44.0,4.52e-06,1.04e-05,-1.39e-06,5.91e-06
44.0,4.52e-06,1.04e-05,-1.4e-06,5.92e-06
44.0,4.52e-06,1.05e-05,-1.42e-06,5.94e-06
44.1,4.53e-06,1.05e-05,-1.43e-06,5.96e-06
44.1,4.53e-06,1.05e-05,-1.45e-06,5.98e-06
44.2,4.53e-06,1.05e-05,-1.47e-06,6e-06
44.2,4.53e-06,1.05e-05,-1.48e-06,6.02e-06
44.3,4.54e-06,1.06e-05,-1.5e-06,6.04e-06
44.3,4.54e-06,1.06e-05,-1.52e-06,6.06e-06
44.3,4.54e-06,1.06e-05,-1.53e-06,6.08e-06
44.4,4.55e-06,1.06e-05,-1.55e-06,6.1e-06
44.4,4.55e-06,1.07e-05,-1.57e-06,6.12e-06
44.5,4.55e-06,1.07e-05,-1.58e-06,6.14e-06
44.5,4.55e-06,1.07e-05,-1.6e-06,6.15e-06
44.6,4.56e-06,1.07e-05,-1.61e-06,6.17e-06
44.6,4.56e-06,1.07e-05,-1.63e-06,6.19e-06
44.6,4.56e-06,1.08e-05,-1.64e-06,6.2e-06
44.7,4.56e-06,1.08e-05,-1.66e-06,6.22e-06
44.7,4.57e-06,1.08e-05,-1.67e-06,6.24e-06
44.8,4.57e-06,1.08e-05,-1.68e-06,6.25e-06
44.8,4.57e-06,1.08e-05,-1.7e-06,6.27e-06
44.9,4.57e-06,1.09e-05,-1.71e-06,6.28e-06
44.9,4.57e-06,1.09e-05,-1.73e-06,6.3e-06
45.0,4.57e-06,1.09e-05,-1.74e-06,6.32e-06
45.0,4.57e-06,1.09e-05,-1.76e-06,6.33e-06
45.0,4.58e-06,1.09e-05,-1.77e-06,6.35e-06
45.1,4.58e-06,1.09e-05,-1.79e-06,6.37e-06
45.1,4.58e-06,1.1e-05,-1.81e-06,6.39e-06
45.2,4.58e-06,1.1e-05,-1.82e-06,6.4e-06
45.2,4.58e-06,1.1e-05,-1.84e-06,6.42e-06
45.3,4.59e-06,1.1e-05,-1.85e-06,6.44e-06
45.3,4.59e-06,1.1e-05,-1.87e-06,6.46e-06
45.3,4.59e-06,1.11e-05,-1.88e-06,6.47e-06
45.4,4.59e-06,1.11e-05,-1.9e-06,6.49e-06
45.4,4.59e-06,1.11e-05,-1.91e-06,6.5e-06
45.5,4.6e-06,1.11e-05,-1.92e-06,6.52e-06
45.5,4.6e-06,1.11e-05,-1.94e-06,6.54e-06
45.6,4.6e-06,1.12e-05,-1.95e-06,6.55e-06
45.6,4.6e-06,1.12e-05,-1.96e-06,6.57e-06
45.6,4.6e-06,1.12e-05,-1.98e-06,6.58e-06
45.7,4.61e-06,1.12e-05,-1.99e-06,6.6e-06
45.7,4.61e-06,1.12e-05,-2.01e-06,6.61e-06
45.8,4.61e-06,1.12e-05,-2.02e-06,6.63e-06
45.8,4.61e-06,1.13e-05,-2.04e-06,6.65e-06
45.9,4.61e-06,1.13e-05,-2.05e-06,6.67e-06
45.9,4.62e-06,1.13e-05,-2.07e-06,6.69e-06
45.9,4.62e-06,1.13e-05,-2.09e-06,6.7e-06
46.0,4.62e-06,1.13e-05,-2.1e-06,6.72e-06
46.0,4.62e-06,1.14e-05,-2.12e-06,6.74e-06
46.1,4.62e-06,1.14e-05,-2.13e-06,6.76e-06
46.1,4.63e-06,1.14e-05,-2.15e-06,6.78e-06
46.2,4.63e-06,1.14e-05,-2.16e-06,6.79e-06
46.2,4.63e-06,1.14e-05,-2.18e-06,6.81e-06
46.2,4.63e-06,1.14e-05,-2.19e-06,6.82e-06
46.3,4.63e-06,1.15e-05,-2.21e-06,6.83e-06
46.3,4.63e-06,1.15e-05,-2.22e-06,6.85e-06
46.4,4.63e-06,1.15e-05,-2.23e-06,6.86e-06
46.4,4.63e-06,1.15e-05,-2.24e-06,6.87e-06
46.5,4.63e-06,1.15e-05,-2.25e-06,6.89e-06
46.5,4.63e-06,1.15e-05,-2.27e-06,6.9e-06
46.5,4.63e-06,1.15e-05,-2.28e-06,6.91e-06
46.6,4.64e-06,1.16e-05,-2.29e-06,6.93e-06
46.6,4.64e-06,1.16e-05,-2.31e-06,6.94e-06
46.7,4.64e-06,1.16e-05,-2.32e-06,6.96e-06
46.7,4.64e-06,1.16e-05,-2.33e-06,6.98e-06
46.8,4.65e-06,1.16e-05,-2.35e-06,7e-06
46.8,4.65e-06,1.17e-05,-2.36e-06,7.02e-06
46.8,4.65e-06,1.17e-05,-2.38e-06,7.03e-06
46.9,4.66e-06,1.17e-05,-2.4e-06,7.05e-06
46.9,4.66e-06,1.17e-05,-2.41e-06,7.07e-06
47.0,4.66e-06,1.17e-05,-2.43e-06,7.09e-06
47.0,4.66e-06,1.18e-05,-2.44e-06,7.1e-06
47.1,4.66e-06,1.18e-05,-2.46e-06,7.12e-06
47.1,4.66e-06,1.18e-05,-2.47e-06,7.13e-06
47.1,4.67e-06,1.18e-05,-2.48e-06,7.15e-06
47.2,4.67e-06,1.18e-05,-2.49e-06,7.16e-06
47.2,4.67e-06,1.18e-05,-2.5e-06,7.17e-06
47.3,4.67e-06,1.18e-05,-2.51e-06,7.18e-06
47.3,4.67e-06,1.19e-05,-2.52e-06,7.19e-06
47.4,4.67e-06,1.19e-05,-2.53e-06,7.2e-06
47.4,4.67e-06,1.19e-05,-2.54e-06,7.21e-06
47.4,4.67e-06,1.19e-05,-2.55e-06,7.22e-06
47.5,4.67e-06,1.19e-05,-2.56e-06,7.23e-06
47.5,4.67e-06,1.19e-05,-2.57e-06,7.24e-06
47.6,4.67e-06,1.19e-05,-2.58e-06,7.25e-06
47.6,4.67e-06,1.19e-05,-2.59e-06,7.27e-06
47.7,4.67e-06,1.2e-05,-2.61e-06,7.28e-06
47.7,4.67e-06,1.2e-05,-2.62e-06,7.29e-06
47.7,4.67e-06,1.2e-05,-2.63e-06,7.3e-06
47.8,4.68e-06,1.2e-05,-2.64e-06,7.31e-06
47.8,4.68e-06,1.2e-05,-2.64e-06,7.32e-06
47.9,4.68e-06,1.2e-05,-2.65e-06,7.33e-06
47.9,4.68e-06,1.2e-05,-2.66e-06,7.34e-06
48.0,4.68e-06,1.2e-05,-2.67e-06,7.34e-06
48.0,4.68e-06,1.2e-05,-2.67e-06,7.35e-06
48.0,4.67e-06,1.2e-05,-2.68e-06,7.36e-06
48.1,4.67e-06,1.2e-05,-2.69e-06,7.36e-06
48.1,4.67e-06,1.2e-05,-2.69e-06,7.37e-06
48.2,4.67e-06,1.2e-05,-2.7e-06,7.37e-06
48.2,4.67e-06,1.21e-05,-2.71e-06,7.38e-06
48.3,4.67e-06,1.21e-05,-2.71e-06,7.39e-06
48.3,4.67e-06,1.21e-05,-2.72e-06,7.39e-06
48.3,4.68e-06,1.21e-05,-2.73e-06,7.4e-06
48.4,4.68e-06,1.21e-05,-2.73e-06,7.41e-06
48.4,4.68e-06,1.21e-05,-2.74e-06,7.42e-06
48.5,4.68e-06,1.21e-05,-2.75e-06,7.43e-06
48.5,4.68e-06,1.21e-05,-2.76e-06,7.44e-06
48.6,4.68e-06,1.21e-05,-2.77e-06,7.45e-06
48.6,4.68e-06,1.21e-05,-2.78e-06,7.46e-06
48.6,4.68e-06,1.22e-05,-2.78e-06,7.47e-06
48.7,4.68e-06,1.22e-05,-2.79e-06,7.47e-06
48.7,4.68e-06,1.22e-05,-2.8e-06,7.48e-06
48.8,4.68e-06,1.22e-05,-2.8e-06,7.49e-06
48.8,4.68e-06,1.22e-05,-2.81e-06,7.49e-06
48.9,4.68e-06,1.22e-05,-2.82e-06,7.5e-06
48.9,4.68e-06,1.22e-05,-2.82e-06,7.5e-06
48.9,4.68e-06,1.22e-05,-2.82e-06,7.5e-06
49.0,4.68e-06,1.22e-05,-2.83e-06,7.5e-06
49.0,4.68e-06,1.22e-05,-2.83e-06,7.51e-06
49.1,4.67e-06,1.22e-05,-2.83e-06,7.51e-06
49.1,4.67e-06,1.22e-05,-2.84e-06,7.51e-06
49.2,4.67e-06,1.22e-05,-2.84e-06,7.52e-06
49.2,4.67e-06,1.22e-05,-2.85e-06,7.52e-06
49.2,4.67e-06,1.22e-05,-2.86e-06,7.53e-06
49.3,4.67e-06,1.22e-05,-2.86e-06,7.53e-06
49.3,4.67e-06,1.22e-05,-2.87e-06,7.54e-06
49.4,4.67e-06,1.22e-05,-2.88e-06,7.55e-06
49.4,4.67e-06,1.22e-05,-2.89e-06,7.56e-06
49.5,4.67e-06,1.22e-05,-2.89e-06,7.56e-06
49.5,4.67e-06,1.22e-05,-2.9e-06,7.57e-06
49.5,4.67e-06,1.22e-05,-2.91e-06,7.57e-06
49.6,4.67e-06,1.22e-05,-2.91e-06,7.58e-06
49.6,4.67e-06,1.23e-05,-2.92e-06,7.59e-06
49.7,4.67e-06,1.23e-05,-2.92e-06,7.59e-06
49.7,4.66e-06,1.23e-05,-2.93e-06,7.59e-06
49.8,4.66e-06,1.23e-05,-2.93e-06,7.59e-06
49.8,4.66e-06,1.23e-05,-2.94e-06,7.6e-06
49.8,4.66e-06,1.23e-05,-2.94e-06,7.6e-06
49.9,4.66e-06,1.23e-05,-2.94e-06,7.6e-06
49.9,4.66e-06,1.23e-05,-2.95e-06,7.6e-06
50.0,4.66e-06,1.23e-05,-2.95e-06,7.61e-06
50.0,4.65e-06,1.23e-05,-2.95e-06,7.61e-06
50.1,4.65e-06,1.23e-05,-2.96e-06,7.61e-06
50.1,4.65e-06,1.23e-05,-2.96e-06,7.62e-06
50.2,4.65e-06,1.23e-05,-2.97e-06,7.62e-06
50.2,4.65e-06,1.23e-05,-2.97e-06,7.63e-06
50.2,4.65e-06,1.23e-05,-2.98e-06,7.63e-06
50.3,4.65e-06,1.23e-05,-2.98e-06,7.63e-06
50.3,4.65e-06,1.23e-05,-2.99e-06,7.64e-06
50.4,4.65e-06,1.23e-05,-2.99e-06,7.64e-06
50.4,4.65e-06,1.23e-05,-3e-06,7.64e-06
50.5,4.65e-06,1.23e-05,-3e-06,7.65e-06
50.5,4.65e-06,1.23e-05,-3e-06,7.65e-06
50.5,4.64e-06,1.23e-05,-3e-06,7.65e-06
50.6,4.64e-06,1.23e-05,-3.01e-06,7.65e-06
50.6,4.64e-06,1.23e-05,-3.01e-06,7.65e-06
50.7,4.64e-06,1.23e-05,-3.01e-06,7.65e-06
50.7,4.63e-06,1.23e-05,-3.01e-06,7.65e-06
50.8,4.63e-06,1.23e-05,-3.01e-06,7.65e-06
50.8,4.63e-06,1.23e-05,-3.02e-06,7.65e-06
50.8,4.63e-06,1.23e-05,-3.02e-06,7.65e-06
50.9,4.63e-06,1.23e-05,-3.02e-06,7.65e-06
50.9,4.63e-06,1.23e-05,-3.03e-06,7.65e-06
51.0,4.62e-06,1.23e-05,-3.03e-06,7.66e-06
51.0,4.62e-06,1.23e-05,-3.04e-06,7.66e-06
51.1,4.62e-06,1.23e-05,-3.04e-06,7.67e-06
51.1,4.62e-06,1.23e-05,-3.05e-06,7.67e-06
51.1,4.62e-06,1.23e-05,-3.05e-06,7.67e-06
51.2,4.62e-06,1.23e-05,-3.06e-06,7.68e-06
51.2,4.62e-06,1.23e-05,-3.06e-06,7.68e-06
51.3,4.62e-06,1.23e-05,-3.06e-06,7.68e-06
51.3,4.62e-06,1.23e-05,-3.07e-06,7.69e-06
51.4,4.62e-06,1.23e-05,-3.07e-06,7.69e-06
51.4,4.62e-06,1.23e-05,-3.07e-06,7.69e-06
51.4,4.61e-06,1.23e-05,-3.07e-06,7.68e-06
51.5,4.61e-06,1.23e-05,-3.07e-06,7.68e-06
51.5,4.61e-06,1.23e-05,-3.07e-06,7.68e-06
51.6,4.61e-06,1.23e-05,-3.07e-06,7.68e-06
51.6,4.6e-06,1.23e-05,-3.07e-06,7.67e-06
51.7,4.6e-06,1.23e-05,-3.07e-06,7.67e-06
51.7,4.6e-06,1.23e-05,-3.07e-06,7.67e-06
51.7,4.59e-06,1.23e-05,-3.07e-06,7.67e-06
51.8,4.59e-06,1.23e-05,-3.08e-06,7.67e-06
51.8,4.59e-06,1.23e-05,-3.08e-06,7.67e-06
51.9,4.59e-06,1.23e-05,-3.08e-06,7.67e-06
51.9,4.59e-06,1.23e-05,-3.09e-06,7.68e-06
52.0,4.59e-06,1.23e-05,-3.09e-06,7.68e-06
52.0,4.59e-06,1.23e-05,-3.1e-06,7.68e-06
52.0,4.59e-06,1.23e-05,-3.1e-06,7.69e-06
52.1,4.59e-06,1.23e-05,-3.1e-06,7.69e-06
52.1,4.59e-06,1.23e-05,-3.11e-06,7.69e-06
52.2,4.59e-06,1.23e-05,-3.11e-06,7.7e-06
52.2,4.59e-06,1.23e-05,-3.11e-06,7.7e-06
52.3,4.59e-06,1.23e-05,-3.11e-06,7.7e-06
52.3,4.59e-06,1.23e-05,-3.11e-06,7.7e-06
52.3,4.59e-06,1.23e-05,-3.11e-06,7.7e-06
52.4,4.58e-06,1.23e-05,-3.12e-06,7.7e-06
52.4,4.58e-06,1.23e-05,-3.12e-06,7.7e-06
52.5,4.58e-06,1.23e-05,-3.12e-06,7.7e-06
52.5,4.58e-06,1.23e-05,-3.12e-06,7.7e-06
52.6,4.58e-06,1.23e-05,-3.12e-06,7.69e-06
52.6,4.58e-06,1.23e-05,-3.12e-06,7.69e-06
52.6,4.57e-06,1.23e-05,-3.12e-06,7.69e-06
52.7,4.57e-06,1.23e-05,-3.12e-06,7.69e-06
52.7,4.57e-06,1.23e-05,-3.12e-06,7.69e-06
52.8,4.57e-06,1.23e-05,-3.12e-06,7.69e-06
52.8,4.57e-06,1.23e-05,-3.13e-06,7.7e-06
52.9,4.57e-06,1.23e-05,-3.13e-06,7.7e-06
52.9,4.57e-06,1.23e-05,-3.13e-06,7.7e-06
52.9,4.57e-06,1.23e-05,-3.13e-06,7.7e-06
53.0,4.57e-06,1.23e-05,-3.13e-06,7.7e-06
53.0,4.57e-06,1.23e-05,-3.13e-06,7.7e-06
53.1,4.57e-06,1.23e-05,-3.14e-06,7.7e-06
53.1,4.57e-06,1.23e-05,-3.14e-06,7.7e-06
53.2,4.56e-06,1.23e-05,-3.14e-06,7.7e-06
53.2,4.56e-06,1.23e-05,-3.14e-06,7.7e-06
53.2,4.56e-06,1.23e-05,-3.14e-06,7.7e-06
53.3,4.56e-06,1.23e-05,-3.14e-06,7.7e-06
53.3,4.56e-06,1.23e-05,-3.14e-06,7.7e-06
53.4,4.56e-06,1.23e-05,-3.14e-06,7.7e-06
53.4,4.56e-06,1.23e-05,-3.14e-06,7.7e-06
53.5,4.56e-06,1.23e-05,-3.14e-06,7.7e-06
53.5,4.56e-06,1.23e-05,-3.15e-06,7.7e-06
53.5,4.55e-06,1.23e-05,-3.15e-06,7.7e-06
53.6,4.55e-06,1.23e-05,-3.15e-06,7.71e-06
53.6,4.55e-06,1.23e-05,-3.16e-06,7.71e-06
53.7,4.55e-06,1.23e-05,-3.16e-06,7.71e-06
53.7,4.55e-06,1.23e-05,-3.16e-06,7.71e-06
53.8,4.55e-06,1.23e-05,-3.16e-06,7.71e-06
53.8,4.55e-06,1.23e-05,-3.17e-06,7.71e-06
53.8,4.55e-06,1.23e-05,-3.17e-06,7.71e-06
53.9,4.55e-06,1.23e-05,-3.17e-06,7.71e-06
53.9,4.54e-06,1.23e-05,-3.17e-06,7.71e-06
54.0,4.54e-06,1.23e-05,-3.17e-06,7.71e-06
54.0,4.54e-06,1.22e-05,-3.17e-06,7.71e-06
54.1,4.54e-06,1.22e-05,-3.17e-06,7.7e-06
54.1,4.54e-06,1.22e-05,-3.16e-06,7.7e-06
54.1,4.54e-06,1.22e-05,-3.16e-06,7.7e-06
54.2,4.53e-06,1.22e-05,-3.16e-06,7.7e-06
54.2,4.53e-06,1.22e-05,-3.16e-06,7.7e-06
54.3,4.53e-06,1.22e-05,-3.16e-06,7.7e-06
54.3,4.53e-06,1.22e-05,-3.16e-06,7.7e-06
54.4,4.53e-06,1.22e-05,-3.16e-06,7.7e-06
54.4,4.53e-06,1.22e-05,-3.17e-06,7.7e-06
54.4,4.53e-06,1.22e-05,-3.17e-06,7.7e-06
54.5,4.53e-06,1.22e-05,-3.17e-06,7.7e-06
54.5,4.53e-06,1.22e-05,-3.18e-06,7.71e-06
54.6,4.53e-06,1.22e-05,-3.18e-06,7.71e-06
54.6,4.53e-06,1.22e-05,-3.18e-06,7.71e-06
54.7,4.53e-06,1.22e-05,-3.18e-06,7.71e-06
54.7,4.53e-06,1.22e-05,-3.19e-06,7.71e-06
54.7,4.53e-06,1.22e-05,-3.19e-06,7.71e-06
54.8,4.53e-06,1.22e-05,-3.19e-06,7.71e-06
54.8,4.53e-06,1.22e-05,-3.19e-06,7.71e-06
54.9,4.52e-06,1.22e-05,-3.19e-06,7.71e-06
54.9,4.52e-06,1.22e-05,-3.19e-06,7.71e-06
55.0,4.52e-06,1.22e-05,-3.19e-06,7.7e-06
55.0,4.52e-06,1.22e-05,-3.18e-06,7.7e-06
55.0,4.52e-06,1.22e-05,-3.18e-06,7.7e-06
55.1,4.51e-06,1.22e-05,-3.18e-06,7.7e-06
55.1,4.51e-06,1.22e-05,-3.18e-06,7.7e-06
55.2,4.51e-06,1.22e-05,-3.18e-06,7.69e-06
55.2,4.51e-06,1.22e-05,-3.18e-06,7.69e-06
55.3,4.51e-06,1.22e-05,-3.19e-06,7.69e-06
55.3,4.51e-06,1.22e-05,-3.19e-06,7.69e-06
55.4,4.51e-06,1.22e-05,-3.19e-06,7.7e-06
55.4,4.51e-06,1.22e-05,-3.19e-06,7.7e-06
55.4,4.51e-06,1.22e-05,-3.19e-06,7.7e-06
55.5,4.5e-06,1.22e-05,-3.19e-06,7.7e-06
55.5,4.5e-06,1.22e-05,-3.19e-06,7.7e-06
55.6,4.5e-06,1.22e-05,-3.19e-06,7.7e-06
55.6,4.5e-06,1.22e-05,-3.2e-06,7.7e-06
55.7,4.5e-06,1.22e-05,-3.2e-06,7.69e-06
55.7,4.5e-06,1.22e-05,-3.19e-06,7.69e-06
55.7,4.49e-06,1.22e-05,-3.19e-06,7.69e-06
55.8,4.49e-06,1.22e-05,-3.19e-06,7.69e-06
55.8,4.49e-06,1.22e-05,-3.19e-06,7.68e-06
55.9,4.49e-06,1.22e-05,-3.19e-06,7.68e-06
55.9,4.49e-06,1.22e-05,-3.19e-06,7.68e-06
56.0,4.49e-06,1.22e-05,-3.19e-06,7.68e-06
56.0,4.49e-06,1.22e-05,-3.19e-06,7.68e-06
56.0,4.49e-06,1.22e-05,-3.19e-06,7.68e-06
56.1,4.49e-06,1.22e-05,-3.19e-06,7.68e-06
56.1,4.49e-06,1.22e-05,-3.19e-06,7.68e-06
56.2,4.49e-06,1.22e-05,-3.2e-06,7.68e-06
56.2,4.49e-06,1.22e-05,-3.2e-06,7.68e-06
56.3,4.49e-06,1.22e-05,-3.2e-06,7.69e-06
56.3,4.48e-06,1.22e-05,-3.2e-06,7.69e-06
56.3,4.48e-06,1.22e-05,-3.2e-06,7.69e-06
56.4,4.48e-06,1.22e-05,-3.21e-06,7.69e-06
56.4,4.48e-06,1.22e-05,-3.21e-06,7.69e-06
56.5,4.48e-06,1.22e-05,-3.21e-06,7.69e-06
56.5,4.48e-06,1.22e-05,-3.21e-06,7.68e-06
56.6,4.47e-06,1.22e-05,-3.21e-06,7.68e-06
56.6,4.47e-06,1.21e-05,-3.2e-06,7.68e-06
56.6,4.47e-06,1.21e-05,-3.2e-06,7.67e-06
56.7,4.47e-06,1.21e-05,-3.2e-06,7.67e-06
56.7,4.46e-06,1.21e-05,-3.2e-06,7.66e-06
56.8,4.46e-06,1.21e-05,-3.2e-06,7.66e-06
56.8,4.46e-06,1.21e-05,-3.19e-06,7.66e-06
56.9,4.46e-06,1.21e-05,-3.19e-06,7.65e-06
56.9,4.46e-06,1.21e-05,-3.19e-06,7.65e-06
56.9,4.46e-06,1.21e-05,-3.19e-06,7.65e-06
57.0,4.45e-06,1.21e-05,-3.2e-06,7.65e-06
57.0,4.45e-06,1.21e-05,-3.2e-06,7.65e-06
57.1,4.45e-06,1.21e-05,-3.2e-06,7.65e-06
57.1,4.45e-06,1.21e-05,-3.2e-06,7.65e-06
57.2,4.45e-06,1.21e-05,-3.2e-06,7.66e-06
57.2,4.45e-06,1.21e-05,-3.21e-06,7.66e-06
57.2,4.45e-06,1.21e-05,-3.21e-06,7.66e-06
57.3,4.45e-06,1.21e-05,-3.21e-06,7.66e-06
57.3,4.45e-06,1.21e-05,-3.21e-06,7.66e-06
57.4,4.45e-06,1.21e-05,-3.21e-06,7.65e-06
57.4,4.44e-06,1.21e-05,-3.21e-06,7.65e-06
57.5,4.44e-06,1.21e-05,-3.21e-06,7.65e-06
57.5,4.44e-06,1.21e-05,-3.21e-06,7.65e-06
57.5,4.44e-06,1.21e-05,-3.2e-06,7.64e-06
57.6,4.44e-06,1.21e-05,-3.2e-06,7.64e-06
57.6,4.44e-06,1.21e-05,-3.2e-06,7.64e-06
57.7,4.43e-06,1.21e-05,-3.2e-06,7.64e-06
57.7,4.43e-06,1.21e-05,-3.2e-06,7.63e-06
57.8,4.43e-06,1.21e-05,-3.2e-06,7.63e-06
57.8,4.43e-06,1.21e-05,-3.2e-06,7.63e-06
57.8,4.43e-06,1.21e-05,-3.2e-06,7.63e-06
57.9,4.43e-06,1.21e-05,-3.2e-06,7.63e-06
57.9,4.43e-06,1.21e-05,-3.2e-06,7.63e-06
58.0,4.43e-06,1.21e-05,-3.2e-06,7.63e-06
58.0,4.43e-06,1.21e-05,-3.2e-06,7.62e-06
58.1,4.43e-06,1.2e-05,-3.2e-06,7.62e-06
58.1,4.42e-06,1.2e-05,-3.19e-06,7.62e-06
58.1,4.42e-06,1.2e-05,-3.19e-06,7.61e-06
58.2,4.42e-06,1.2e-05,-3.19e-06,7.61e-06
58.2,4.42e-06,1.2e-05,-3.18e-06,7.6e-06
58.3,4.41e-06,1.2e-05,-3.18e-06,7.59e-06
58.3,4.41e-06,1.2e-05,-3.18e-06,7.59e-06
58.4,4.41e-06,1.2e-05,-3.17e-06,7.58e-06
58.4,4.41e-06,1.2e-05,-3.17e-06,7.57e-06
58.4,4.4e-06,1.2e-05,-3.16e-06,7.56e-06
58.5,4.4e-06,1.2e-05,-3.16e-06,7.56e-06
58.5,4.4e-06,1.2e-05,-3.15e-06,7.55e-06
58.6,4.4e-06,1.19e-05,-3.15e-06,7.55e-06
58.6,4.39e-06,1.19e-05,-3.15e-06,7.54e-06
58.7,4.39e-06,1.19e-05,-3.15e-06,7.54e-06
58.7,4.39e-06,1.19e-05,-3.14e-06,7.53e-06
58.7,4.39e-06,1.19e-05,-3.14e-06,7.53e-06
58.8,4.39e-06,1.19e-05,-3.14e-06,7.53e-06
58.8,4.39e-06,1.19e-05,-3.13e-06,7.52e-06
58.9,4.39e-06,1.19e-05,-3.13e-06,7.52e-06
58.9,4.39e-06,1.19e-05,-3.13e-06,7.51e-06
59.0,4.38e-06,1.19e-05,-3.12e-06,7.5e-06
59.0,4.38e-06,1.19e-05,-3.11e-06,7.5e-06
59.0,4.38e-06,1.19e-05,-3.11e-06,7.49e-06
59.1,4.38e-06,1.19e-05,-3.1e-06,7.48e-06
59.1,4.37e-06,1.18e-05,-3.09e-06,7.47e-06
59.2,4.37e-06,1.18e-05,-3.08e-06,7.45e-06
59.2,4.37e-06,1.18e-05,-3.08e-06,7.44e-06
59.3,4.36e-06,1.18e-05,-3.07e-06,7.43e-06
59.3,4.36e-06,1.18e-05,-3.06e-06,7.42e-06
59.3,4.35e-06,1.18e-05,-3.05e-06,7.41e-06
59.4,4.35e-06,1.17e-05,-3.04e-06,7.4e-06
59.4,4.35e-06,1.17e-05,-3.04e-06,7.39e-06
59.5,4.34e-06,1.17e-05,-3.03e-06,7.38e-06
59.5,4.34e-06,1.17e-05,-3.03e-06,7.37e-06
59.6,4.34e-06,1.17e-05,-3.02e-06,7.36e-06
59.6,4.34e-06,1.17e-05,-3.02e-06,7.36e-06
59.6,4.34e-06,1.17e-05,-3.01e-06,7.35e-06
59.7,4.34e-06,1.17e-05,-3.01e-06,7.34e-06
59.7,4.33e-06,1.17e-05,-3e-06,7.34e-06
59.8,4.33e-06,1.17e-05,-3e-06,7.33e-06
59.8,4.33e-06,1.17e-05,-2.99e-06,7.32e-06
59.9,4.33e-06,1.16e-05,-2.99e-06,7.32e-06
59.9,4.33e-06,1.16e-05,-2.98e-06,7.31e-06
59.9,4.32e-06,1.16e-05,-2.97e-06,7.3e-06
60.0,4.32e-06,1.16e-05,-2.97e-06,7.29e-06
60.0,4.32e-06,1.16e-05,-2.96e-06,7.28e-06
60.1,4.31e-06,1.16e-05,-2.95e-06,7.26e-06
60.1,4.31e-06,1.16e-05,-2.94e-06,7.25e-06
60.2,4.31e-06,1.15e-05,-2.93e-06,7.24e-06
60.2,4.3e-06,1.15e-05,-2.92e-06,7.23e-06
60.2,4.3e-06,1.15e-05,-2.92e-06,7.21e-06
60.3,4.29e-06,1.15e-05,-2.91e-06,7.2e-06
60.3,4.29e-06,1.15e-05,-2.9e-06,7.19e-06
60.4,4.29e-06,1.15e-05,-2.89e-06,7.18e-06
60.4,4.28e-06,1.14e-05,-2.88e-06,7.17e-06
60.5,4.28e-06,1.14e-05,-2.87e-06,7.15e-06
60.5,4.28e-06,1.14e-05,-2.87e-06,7.14e-06
60.6,4.27e-06,1.14e-05,-2.86e-06,7.13e-06
60.6,4.27e-06,1.14e-05,-2.85e-06,7.12e-06
60.6,4.27e-06,1.14e-05,-2.84e-06,7.11e-06
60.7,4.26e-06,1.14e-05,-2.83e-06,7.1e-06
60.7,4.26e-06,1.13e-05,-2.83e-06,7.09e-06
60.8,4.26e-06,1.13e-05,-2.82e-06,7.07e-06
60.8,4.25e-06,1.13e-05,-2.81e-06,7.06e-06
60.9,4.25e-06,1.13e-05,-2.8e-06,7.05e-06
60.9,4.25e-06,1.13e-05,-2.79e-06,7.03e-06
60.9,4.24e-06,1.13e-05,-2.78e-06,7.02e-06
61.0,4.24e-06,1.12e-05,-2.77e-06,7.01e-06
61.0,4.24e-06,1.12e-05,-2.76e-06,6.99e-06
61.1,4.23e-06,1.12e-05,-2.75e-06,6.98e-06
61.1,4.23e-06,1.12e-05,-2.74e-06,6.96e-06
61.2,4.22e-06,1.12e-05,-2.73e-06,6.95e-06
61.2,4.22e-06,1.12e-05,-2.72e-06,6.94e-06
61.2,4.21e-06,1.11e-05,-2.71e-06,6.92e-06
61.3,4.21e-06,1.11e-05,-2.7e-06,6.91e-06
61.3,4.21e-06,1.11e-05,-2.69e-06,6.9e-06
61.4,4.2e-06,1.11e-05,-2.68e-06,6.88e-06
61.4,4.2e-06,1.11e-05,-2.67e-06,6.87e-06
61.5,4.19e-06,1.11e-05,-2.66e-06,6.86e-06
61.5,4.19e-06,1.1e-05,-2.65e-06,6.84e-06
61.5,4.18e-06,1.1e-05,-2.64e-06,6.83e-06
61.6,4.18e-06,1.1e-05,-2.63e-06,6.81e-06
61.6,4.17e-06,1.1e-05,-2.62e-06,6.79e-06
61.7,4.17e-06,1.09e-05,-2.61e-06,6.78e-06
61.7,4.16e-06,1.09e-05,-2.59e-06,6.76e-06
61.8,4.16e-06,1.09e-05,-2.58e-06,6.74e-06
61.8,4.15e-06,1.09e-05,-2.57e-06,6.72e-06
61.8,4.15e-06,1.09e-05,-2.55e-06,6.7e-06
61.9,4.14e-06,1.08e-05,-2.54e-06,6.68e-06
61.9,4.14e-06,1.08e-05,-2.53e-06,6.67e-06
62.0,4.14e-06,1.08e-05,-2.52e-06,6.65e-06
62.0,4.13e-06,1.08e-05,-2.5e-06,6.63e-06
62.1,4.13e-06,1.07e-05,-2.49e-06,6.62e-06
62.1,4.12e-06,1.07e-05,-2.48e-06,6.6e-06
62.1,4.12e-06,1.07e-05,-2.47e-06,6.59e-06
62.2,4.11e-06,1.07e-05,-2.46e-06,6.57e-06
62.2,4.11e-06,1.07e-05,-2.45e-06,6.56e-06
62.3,4.11e-06,1.07e-05,-2.44e-06,6.54e-06
62.3,4.1e-06,1.06e-05,-2.43e-06,6.53e-06
62.4,4.1e-06,1.06e-05,-2.42e-06,6.51e-06
62.4,4.09e-06,1.06e-05,-2.41e-06,6.5e-06
62.4,4.09e-06,1.06e-05,-2.39e-06,6.48e-06
62.5,4.08e-06,1.05e-05,-2.38e-06,6.46e-06
62.5,4.08e-06,1.05e-05,-2.37e-06,6.44e-06
62.6,4.07e-06,1.05e-05,-2.35e-06,6.42e-06
62.6,4.07e-06,1.05e-05,-2.34e-06,6.4e-06
62.7,4.06e-06,1.04e-05,-2.33e-06,6.39e-06
62.7,4.05e-06,1.04e-05,-2.31e-06,6.37e-06
62.7,4.05e-06,1.04e-05,-2.3e-06,6.35e-06
62.8,4.04e-06,1.04e-05,-2.28e-06,6.33e-06
62.8,4.04e-06,1.03e-05,-2.27e-06,6.31e-06
62.9,4.03e-06,1.03e-05,-2.26e-06,6.29e-06
62.9,4.03e-06,1.03e-05,-2.25e-06,6.27e-06
63.0,4.02e-06,1.03e-05,-2.23e-06,6.26e-06
63.0,4.02e-06,1.03e-05,-2.22e-06,6.24e-06
63.0,4.01e-06,1.02e-05,-2.21e-06,6.22e-06
63.1,4.01e-06,1.02e-05,-2.2e-06,6.21e-06
63.1,4e-06,1.02e-05,-2.19e-06,6.19e-06
63.2,4e-06,1.02e-05,-2.17e-06,6.17e-06
63.2,3.99e-06,1.01e-05,-2.16e-06,6.15e-06
63.3,3.99e-06,1.01e-05,-2.15e-06,6.14e-06
63.3,3.98e-06,1.01e-05,-2.13e-06,6.12e-06
63.3,3.98e-06,1.01e-05,-2.12e-06,6.1e-06
63.4,3.97e-06,1e-05,-2.11e-06,6.08e-06
63.4,3.96e-06,1e-05,-2.09e-06,6.06e-06
63.5,3.96e-06,1e-05,-2.08e-06,6.04e-06
63.5,3.95e-06,9.97e-06,-2.06e-06,6.02e-06
63.6,3.95e-06,9.94e-06,-2.05e-06,6e-06
63.6,3.94e-06,9.92e-06,-2.03e-06,5.98e-06
63.6,3.94e-06,9.9e-06,-2.02e-06,5.96e-06
63.7,3.93e-06,9.87e-06,-2e-06,5.94e-06
63.7,3.93e-06,9.85e-06,-1.99e-06,5.92e-06
63.8,3.92e-06,9.83e-06,-1.98e-06,5.9e-06
63.8,3.92e-06,9.8e-06,-1.96e-06,5.88e-06
63.9,3.92e-06,9.78e-06,-1.95e-06,5.87e-06
63.9,3.91e-06,9.76e-06,-1.94e-06,5.85e-06
63.9,3.91e-06,9.74e-06,-1.93e-06,5.83e-06
64.0,3.9e-06,9.72e-06,-1.91e-06,5.82e-06
64.0,3.9e-06,9.69e-06,-1.9e-06,5.8e-06
64.1,3.89e-06,9.67e-06,-1.89e-06,5.78e-06
64.1,3.88e-06,9.64e-06,-1.88e-06,5.76e-06
64.2,3.88e-06,9.62e-06,-1.86e-06,5.74e-06
64.2,3.87e-06,9.59e-06,-1.85e-06,5.72e-06
64.2,3.86e-06,9.56e-06,-1.83e-06,5.7e-06
64.3,3.86e-06,9.53e-06,-1.82e-06,5.68e-06
64.3,3.85e-06,9.5e-06,-1.8e-06,5.65e-06
64.4,3.84e-06,9.47e-06,-1.79e-06,5.63e-06
64.4,3.84e-06,9.45e-06,-1.77e-06,5.61e-06
64.5,3.83e-06,9.42e-06,-1.75e-06,5.59e-06
64.5,3.83e-06,9.39e-06,-1.74e-06,5.56e-06
64.5,3.82e-06,9.36e-06,-1.72e-06,5.54e-06
64.6,3.81e-06,9.34e-06,-1.71e-06,5.52e-06
64.6,3.81e-06,9.31e-06,-1.7e-06,5.5e-06
64.7,3.8e-06,9.28e-06,-1.68e-06,5.48e-06
64.7,3.8e-06,9.26e-06,-1.67e-06,5.46e-06
64.8,3.79e-06,9.24e-06,-1.66e-06,5.45e-06
64.8,3.78e-06,9.21e-06,-1.64e-06,5.43e-06
64.8,3.78e-06,9.19e-06,-1.63e-06,5.41e-06
64.9,3.77e-06,9.16e-06,-1.62e-06,5.39e-06
64.9,3.77e-06,9.14e-06,-1.6e-06,5.37e-06
65.0,3.76e-06,9.11e-06,-1.59e-06,5.35e-06
65.0,3.75e-06,9.08e-06,-1.57e-06,5.33e-06
65.1,3.75e-06,9.05e-06,-1.56e-06,5.31e-06
65.1,3.74e-06,9.03e-06,-1.54e-06,5.28e-06
65.1,3.73e-06,9e-06,-1.53e-06,5.26e-06
65.2,3.73e-06,8.97e-06,-1.51e-06,5.24e-06
65.2,3.72e-06,8.94e-06,-1.5e-06,5.22e-06
65.3,3.72e-06,8.91e-06,-1.48e-06,5.2e-06
65.3,3.71e-06,8.88e-06,-1.46e-06,5.17e-06
65.4,3.7e-06,8.86e-06,-1.45e-06,5.15e-06
65.4,3.7e-06,8.83e-06,-1.43e-06,5.13e-06
65.4,3.69e-06,8.8e-06,-1.42e-06,5.11e-06
65.5,3.69e-06,8.77e-06,-1.4e-06,5.09e-06
65.5,3.68e-06,8.75e-06,-1.39e-06,5.07e-06
65.6,3.67e-06,8.72e-06,-1.37e-06,5.05e-06
65.6,3.67e-06,8.69e-06,-1.36e-06,5.03e-06
65.7,3.66e-06,8.67e-06,-1.34e-06,5e-06
65.7,3.66e-06,8.64e-06,-1.33e-06,4.98e-06
65.7,3.65e-06,8.61e-06,-1.31e-06,4.96e-06
65.8,3.64e-06,8.58e-06,-1.3e-06,4.94e-06
65.8,3.64e-06,8.55e-06,-1.28e-06,4.92e-06
65.9,3.63e-06,8.52e-06,-1.26e-06,4.89e-06
65.9,3.62e-06,8.49e-06,-1.25e-06,4.87e-06
66.0,3.62e-06,8.46e-06,-1.23e-06,4.85e-06
66.0,3.61e-06,8.43e-06,-1.21e-06,4.82e-06
66.1,3.6e-06,8.4e-06,-1.2e-06,4.8e-06
66.1,3.6e-06,8.37e-06,-1.18e-06,4.77e-06
66.1,3.59e-06,8.34e-06,-1.16e-06,4.75e-06
66.2,3.58e-06,8.31e-06,-1.14e-06,4.73e-06
66.2,3.58e-06,8.28e-06,-1.13e-06,4.7e-06
66.3,3.57e-06,8.25e-06,-1.11e-06,4.68e-06
66.3,3.56e-06,8.22e-06,-1.09e-06,4.66e-06
66.4,3.56e-06,8.2e-06,-1.08e-06,4.64e-06
66.4,3.55e-06,8.17e-06,-1.06e-06,4.62e-06
66.4,3.55e-06,8.14e-06,-1.05e-06,4.59e-06
66.5,3.54e-06,8.12e-06,-1.03e-06,4.57e-06
66.5,3.54e-06,8.09e-06,-1.01e-06,4.55e-06
66.6,3.53e-06,8.06e-06,-9.97e-07,4.53e-06
66.6,3.53e-06,8.03e-06,-9.8e-07,4.51e-06
66.7,3.52e-06,8e-06,-9.62e-07,4.48e-06
66.7,3.51e-06,7.97e-06,-9.43e-07,4.46e-06
66.7,3.51e-06,7.94e-06,-9.24e-07,4.43e-06
66.8,3.5e-06,7.9e-06,-9.05e-07,4.4e-06
66.8,3.49e-06,7.87e-06,-8.85e-07,4.38e-06
66.9,3.49e-06,7.84e-06,-8.65e-07,4.35e-06
66.9,3.48e-06,7.8e-06,-8.45e-07,4.32e-06
67.0,3.47e-06,7.77e-06,-8.26e-07,4.3e-06
67.0,3.46e-06,7.73e-06,-8.06e-07,4.27e-06
67.0,3.45e-06,7.7e-06,-7.87e-07,4.24e-06
67.1,3.45e-06,7.66e-06,-7.68e-07,4.21e-06
67.1,3.44e-06,7.63e-06,-7.49e-07,4.19e-06
67.2,3.43e-06,7.6e-06,-7.3e-07,4.16e-06
67.2,3.43e-06,7.57e-06,-7.12e-07,4.14e-06
67.3,3.42e-06,7.53e-06,-6.93e-07,4.11e-06
67.3,3.41e-06,7.5e-06,-6.75e-07,4.09e-06
67.3,3.41e-06,7.47e-06,-6.57e-07,4.07e-06
67.4,3.4e-06,7.44e-06,-6.38e-07,4.04e-06
67.4,3.4e-06,7.41e-06,-6.19e-07,4.02e-06
67.5,3.39e-06,7.38e-06,-6e-07,3.99e-06
67.5,3.39e-06,7.35e-06,-5.81e-07,3.97e-06
67.6,3.38e-06,7.32e-06,-5.61e-07,3.94e-06
67.6,3.37e-06,7.28e-06,-5.41e-07,3.91e-06
67.6,3.36e-06,7.25e-06,-5.2e-07,3.88e-06
67.7,3.36e-06,7.21e-06,-4.99e-07,3.86e-06
67.7,3.35e-06,7.18e-06,-4.78e-07,3.83e-06
67.8,3.34e-06,7.14e-06,-4.56e-07,3.8e-06
67.8,3.33e-06,7.1e-06,-4.35e-07,3.77e-06
67.9,3.32e-06,7.06e-06,-4.13e-07,3.74e-06
67.9,3.32e-06,7.02e-06,-3.91e-07,3.71e-06
67.9,3.31e-06,6.99e-06,-3.7e-07,3.68e-06
68.0,3.3e-06,6.95e-06,-3.49e-07,3.65e-06
68.0,3.29e-06,6.91e-06,-3.28e-07,3.62e-06
68.1,3.28e-06,6.87e-06,-3.07e-07,3.59e-06
68.1,3.28e-06,6.84e-06,-2.86e-07,3.56e-06
68.2,3.27e-06,6.8e-06,-2.65e-07,3.53e-06
68.2,3.26e-06,6.76e-06,-2.44e-07,3.5e-06
68.2,3.25e-06,6.73e-06,-2.23e-07,3.48e-06
68.3,3.25e-06,6.69e-06,-2.02e-07,3.45e-06
68.3,3.24e-06,6.66e-06,-1.81e-07,3.42e-06
68.4,3.23e-06,6.62e-06,-1.6e-07,3.39e-06
68.4,3.22e-06,6.58e-06,-1.38e-07,3.36e-06
68.5,3.22e-06,6.55e-06,-1.17e-07,3.33e-06
68.5,3.21e-06,6.51e-06,-9.52e-08,3.3e-06
68.5,3.2e-06,6.47e-06,-7.34e-08,3.27e-06
68.6,3.19e-06,6.44e-06,-5.16e-08,3.24e-06
68.6,3.18e-06,6.4e-06,-3.01e-08,3.21e-06
68.7,3.18e-06,6.36e-06,-9.06e-09,3.18e-06
68.7,3.17e-06,6.32e-06,1.15e-08,3.16e-06
68.8,3.16e-06,6.29e-06,3.15e-08,3.13e-06
68.8,3.15e-06,6.25e-06,5.09e-08,3.1e-06
68.8,3.14e-06,6.22e-06,6.99e-08,3.07e-06
68.9,3.14e-06,6.18e-06,8.85e-08,3.05e-06
68.9,3.13e-06,6.15e-06,1.07e-07,3.02e-06
69.0,3.12e-06,6.11e-06,1.26e-07,2.99e-06
69.0,3.11e-06,6.08e-06,1.44e-07,2.97e-06
69.1,3.1e-06,6.05e-06,1.62e-07,2.94e-06
69.1,3.1e-06,6.02e-06,1.79e-07,2.92e-06
69.1,3.09e-06,5.98e-06,1.97e-07,2.89e-06
69.2,3.08e-06,5.95e-06,2.14e-07,2.87e-06
69.2,3.08e-06,5.92e-06,2.31e-07,2.84e-06
69.3,3.07e-06,5.89e-06,2.49e-07,2.82e-06
69.3,3.06e-06,5.85e-06,2.66e-07,2.79e-06
69.4,3.05e-06,5.82e-06,2.84e-07,2.77e-06
69.4,3.04e-06,5.79e-06,3.01e-07,2.74e-06
69.4,3.04e-06,5.76e-06,3.19e-07,2.72e-06
69.5,3.03e-06,5.72e-06,3.35e-07,2.69e-06
69.5,3.02e-06,5.69e-06,3.51e-07,2.67e-06
69.6,3.02e-06,5.67e-06,3.66e-07,2.65e-06
69.6,3.01e-06,5.64e-06,3.81e-07,2.63e-06
69.7,3e-06,5.61e-06,3.95e-07,2.61e-06
69.7,3e-06,5.58e-06,4.09e-07,2.59e-06
69.7,2.99e-06,5.56e-06,4.22e-07,2.57e-06
69.8,2.98e-06,5.53e-06,4.36e-07,2.55e-06
69.8,2.98e-06,5.51e-06,4.49e-07,2.53e-06
69.9,2.97e-06,5.48e-06,4.62e-07,2.51e-06
69.9,2.97e-06,5.45e-06,4.76e-07,2.49e-06
70.0,2.96e-06,5.43e-06,4.89e-07,2.47e-06
70.0,2.95e-06,5.4e-06,5.03e-07,2.45e-06
70.0,2.95e-06,5.38e-06,5.17e-07,2.43e-06
70.1,2.94e-06,5.35e-06,5.31e-07,2.41e-06
70.1,2.93e-06,5.32e-06,5.45e-07,2.39e-06
70.2,2.93e-06,5.3e-06,5.6e-07,2.37e-06
70.2,2.92e-06,5.27e-06,5.74e-07,2.35e-06
70.3,2.91e-06,5.24e-06,5.88e-07,2.33e-06
70.3,2.91e-06,5.21e-06,6.02e-07,2.31e-06
70.3,2.9e-06,5.19e-06,6.17e-07,2.29e-06
70.4,2.9e-06,5.16e-06,6.3e-07,2.27e-06
70.4,2.89e-06,5.13e-06,6.44e-07,2.24e-06
70.5,2.88e-06,5.11e-06,6.58e-07,2.23e-06
70.5,2.88e-06,5.08e-06,6.71e-07,2.21e-06
70.6,2.87e-06,5.06e-06,6.84e-07,2.19e-06
70.6,2.87e-06,5.03e-06,6.97e-07,2.17e-06
70.6,2.86e-06,5.01e-06,7.1e-07,2.15e-06
70.7,2.85e-06,4.99e-06,7.22e-07,2.13e-06
70.7,2.85e-06,4.96e-06,7.34e-07,2.12e-06
70.8,2.84e-06,4.94e-06,7.46e-07,2.1e-06
70.8,2.84e-06,4.92e-06,7.58e-07,2.08e-06
70.9,2.83e-06,4.9e-06,7.7e-07,2.06e-06
70.9,2.83e-06,4.88e-06,7.82e-07,2.05e-06
70.9,2.82e-06,4.85e-06,7.94e-07,2.03e-06
71.0,2.82e-06,4.83e-06,8.06e-07,2.01e-06
71.0,2.81e-06,4.81e-06,8.18e-07,2e-06
71.1,2.81e-06,4.79e-06,8.3e-07,1.98e-06
71.1,2.8e-06,4.76e-06,8.42e-07,1.96e-06
71.2,2.8e-06,4.74e-06,8.54e-07,1.94e-06
71.2,2.79e-06,4.72e-06,8.66e-07,1.93e-06
71.3,2.79e-06,4.7e-06,8.78e-07,1.91e-06
71.3,2.78e-06,4.68e-06,8.9e-07,1.89e-06
71.3,2.78e-06,4.66e-06,9.02e-07,1.88e-06
71.4,2.77e-06,4.64e-06,9.13e-07,1.86e-06
71.4,2.77e-06,4.62e-06,9.25e-07,1.85e-06
71.5,2.77e-06,4.6e-06,9.35e-07,1.83e-06
71.5,2.76e-06,4.58e-06,9.46e-07,1.82e-06
71.6,2.76e-06,4.56e-06,9.55e-07,1.8e-06
71.6,2.75e-06,4.54e-06,9.65e-07,1.79e-06
71.6,2.75e-06,4.53e-06,9.73e-07,1.78e-06
71.7,2.75e-06,4.51e-06,9.81e-07,1.76e-06
71.7,2.74e-06,4.49e-06,9.9e-07,1.75e-06
71.8,2.74e-06,4.48e-06,9.98e-07,1.74e-06
71.8,2.73e-06,4.46e-06,1.01e-06,1.73e-06
71.9,2.73e-06,4.44e-06,1.01e-06,1.72e-06
71.9,2.73e-06,4.43e-06,1.02e-06,1.7e-06
71.9,2.72e-06,4.41e-06,1.03e-06,1.69e-06
72.0,2.72e-06,4.39e-06,1.04e-06,1.68e-06
72.0,2.71e-06,4.38e-06,1.05e-06,1.66e-06
72.1,2.71e-06,4.36e-06,1.06e-06,1.65e-06
72.1,2.71e-06,4.35e-06,1.06e-06,1.64e-06
72.2,2.7e-06,4.33e-06,1.07e-06,1.63e-06
72.2,2.7e-06,4.32e-06,1.08e-06,1.62e-06
72.2,2.7e-06,4.31e-06,1.09e-06,1.61e-06
72.3,2.69e-06,4.3e-06,1.09e-06,1.6e-06
72.3,2.69e-06,4.29e-06,1.1e-06,1.59e-06
72.4,2.69e-06,4.28e-06,1.1e-06,1.59e-06
72.4,2.69e-06,4.27e-06,1.11e-06,1.58e-06
72.5,2.69e-06,4.26e-06,1.11e-06,1.57e-06
72.5,2.68e-06,4.25e-06,1.12e-06,1.56e-06
72.5,2.68e-06,4.24e-06,1.13e-06,1.56e-06
72.6,2.68e-06,4.23e-06,1.13e-06,1.55e-06
72.6,2.68e-06,4.22e-06,1.14e-06,1.54e-06
72.7,2.68e-06,4.21e-06,1.14e-06,1.53e-06
72.7,2.68e-06,4.2e-06,1.15e-06,1.53e-06
72.8,2.68e-06,4.19e-06,1.16e-06,1.52e-06
72.8,2.67e-06,4.18e-06,1.16e-06,1.51e-06
72.8,2.67e-06,4.17e-06,1.17e-06,1.5e-06
72.9,2.67e-06,4.16e-06,1.18e-06,1.49e-06
72.9,2.67e-06,4.15e-06,1.19e-06,1.48e-06
73.0,2.67e-06,4.14e-06,1.19e-06,1.48e-06
73.0,2.67e-06,4.13e-06,1.2e-06,1.47e-06
73.1,2.67e-06,4.12e-06,1.21e-06,1.46e-06
73.1,2.66e-06,4.12e-06,1.21e-06,1.45e-06
73.1,2.66e-06,4.11e-06,1.22e-06,1.44e-06
73.2,2.66e-06,4.1e-06,1.22e-06,1.44e-06
73.2,2.66e-06,4.09e-06,1.23e-06,1.43e-06
73.3,2.66e-06,4.08e-06,1.24e-06,1.42e-06
73.3,2.66e-06,4.08e-06,1.24e-06,1.42e-06
73.4,2.66e-06,4.07e-06,1.25e-06,1.41e-06
73.4,2.66e-06,4.06e-06,1.25e-06,1.4e-06
73.4,2.65e-06,4.05e-06,1.26e-06,1.4e-06
73.5,2.65e-06,4.04e-06,1.26e-06,1.39e-06
73.5,2.65e-06,4.03e-06,1.27e-06,1.38e-06
73.6,2.65e-06,4.02e-06,1.27e-06,1.38e-06
73.6,2.65e-06,4.01e-06,1.28e-06,1.37e-06
73.7,2.64e-06,4e-06,1.29e-06,1.36e-06
73.7,2.64e-06,3.99e-06,1.29e-06,1.35e-06
73.7,2.64e-06,3.99e-06,1.3e-06,1.34e-06
73.8,2.64e-06,3.98e-06,1.3e-06,1.34e-06
73.8,2.64e-06,3.97e-06,1.31e-06,1.33e-06
73.9,2.64e-06,3.96e-06,1.32e-06,1.32e-06
73.9,2.64e-06,3.95e-06,1.32e-06,1.31e-06
74.0,2.64e-06,3.94e-06,1.33e-06,1.31e-06
74.0,2.64e-06,3.94e-06,1.34e-06,1.3e-06
74.0,2.64e-06,3.93e-06,1.34e-06,1.29e-06
74.1,2.63e-06,3.92e-06,1.35e-06,1.29e-06
74.1,2.63e-06,3.92e-06,1.35e-06,1.28e-06
74.2,2.63e-06,3.91e-06,1.36e-06,1.28e-06
74.2,2.63e-06,3.9e-06,1.36e-06,1.27e-06
74.3,2.63e-06,3.9e-06,1.37e-06,1.26e-06
74.3,2.63e-06,3.89e-06,1.38e-06,1.26e-06
74.3,2.63e-06,3.88e-06,1.38e-06,1.25e-06
74.4,2.63e-06,3.87e-06,1.39e-06,1.24e-06
74.4,2.63e-06,3.87e-06,1.39e-06,1.24e-06
74.5,2.63e-06,3.86e-06,1.4e-06,1.23e-06
74.5,2.63e-06,3.85e-06,1.41e-06,1.22e-06
74.6,2.62e-06,3.84e-06,1.41e-06,1.21e-06
74.6,2.62e-06,3.83e-06,1.42e-06,1.21e-06
74.6,2.62e-06,3.82e-06,1.42e-06,1.2e-06
74.7,2.62e-06,3.81e-06,1.43e-06,1.19e-06
74.7,2.62e-06,3.8e-06,1.43e-06,1.18e-06
74.8,2.62e-06,3.79e-06,1.44e-06,1.18e-06
74.8,2.62e-06,3.79e-06,1.45e-06,1.17e-06
74.9,2.61e-06,3.78e-06,1.45e-06,1.16e-06
74.9,2.61e-06,3.77e-06,1.46e-06,1.16e-06
74.9,2.61e-06,3.77e-06,1.46e-06,1.15e-06
75.0,2.61e-06,3.76e-06,1.47e-06,1.15e-06
75.0,2.61e-06,3.75e-06,1.47e-06,1.14e-06
75.1,2.61e-06,3.75e-06,1.48e-06,1.14e-06
75.1,2.61e-06,3.74e-06,1.48e-06,1.13e-06
75.2,2.61e-06,3.74e-06,1.49e-06,1.12e-06
75.2,2.61e-06,3.73e-06,1.49e-06,1.12e-06
75.2,2.61e-06,3.72e-06,1.5e-06,1.11e-06
75.3,2.61e-06,3.72e-06,1.51e-06,1.11e-06
75.3,2.61e-06,3.71e-06,1.51e-06,1.1e-06
75.4,2.61e-06,3.7e-06,1.52e-06,1.09e-06
75.4,2.61e-06,3.69e-06,1.52e-06,1.09e-06
75.5,2.61e-06,3.69e-06,1.53e-06,1.08e-06
75.5,2.61e-06,3.68e-06,1.53e-06,1.07e-06
75.5,2.6e-06,3.67e-06,1.54e-06,1.06e-06
75.6,2.6e-06,3.66e-06,1.55e-06,1.06e-06
75.6,2.6e-06,3.65e-06,1.55e-06,1.05e-06
75.7,2.6e-06,3.65e-06,1.56e-06,1.04e-06
75.7,2.6e-06,3.64e-06,1.56e-06,1.04e-06
75.8,2.6e-06,3.63e-06,1.57e-06,1.03e-06
75.8,2.6e-06,3.63e-06,1.57e-06,1.03e-06
75.8,2.6e-06,3.62e-06,1.58e-06,1.02e-06
75.9,2.6e-06,3.61e-06,1.58e-06,1.02e-06
75.9,2.6e-06,3.61e-06,1.59e-06,1.01e-06
76.0,2.6e-06,3.6e-06,1.59e-06,1e-06
76.0,2.6e-06,3.59e-06,1.6e-06,9.98e-07
76.1,2.6e-06,3.59e-06,1.61e-06,9.91e-07
76.1,2.6e-06,3.58e-06,1.61e-06,9.85e-07
76.1,2.6e-06,3.57e-06,1.62e-06,9.78e-07
76.2,2.6e-06,3.57e-06,1.62e-06,9.72e-07
76.2,2.59e-06,3.56e-06,1.63e-06,9.65e-07
76.3,2.59e-06,3.55e-06,1.64e-06,9.58e-07
76.3,2.59e-06,3.54e-06,1.64e-06,9.52e-07
76.4,2.59e-06,3.54e-06,1.65e-06,9.45e-07
76.4,2.59e-06,3.53e-06,1.65e-06,9.39e-07
76.5,2.59e-06,3.52e-06,1.66e-06,9.32e-07
76.5,2.59e-06,3.51e-06,1.66e-06,9.26e-07
76.5,2.59e-06,3.51e-06,1.67e-06,9.2e-07
76.6,2.59e-06,3.5e-06,1.67e-06,9.15e-07
76.6,2.58e-06,3.49e-06,1.68e-06,9.09e-07
76.7,2.58e-06,3.49e-06,1.68e-06,9.04e-07
76.7,2.58e-06,3.48e-06,1.68e-06,8.99e-07
76.8,2.58e-06,3.48e-06,1.69e-06,8.94e-07
76.8,2.58e-06,3.47e-06,1.69e-06,8.89e-07
76.8,2.58e-06,3.47e-06,1.7e-06,8.84e-07
76.9,2.58e-06,3.46e-06,1.7e-06,8.79e-07
76.9,2.58e-06,3.46e-06,1.71e-06,8.74e-07
77.0,2.58e-06,3.45e-06,1.71e-06,8.68e-07
77.0,2.58e-06,3.44e-06,1.72e-06,8.62e-07
77.1,2.58e-06,3.44e-06,1.72e-06,8.57e-07
77.1,2.58e-06,3.43e-06,1.73e-06,8.51e-07
77.1,2.58e-06,3.42e-06,1.73e-06,8.45e-07
77.2,2.58e-06,3.42e-06,1.74e-06,8.39e-07
77.2,2.58e-06,3.41e-06,1.74e-06,8.33e-07
77.3,2.58e-06,3.4e-06,1.75e-06,8.27e-07
77.3,2.58e-06,3.4e-06,1.75e-06,8.21e-07
77.4,2.57e-06,3.39e-06,1.76e-06,8.15e-07
77.4,2.57e-06,3.38e-06,1.76e-06,8.09e-07
77.4,2.57e-06,3.38e-06,1.77e-06,8.04e-07
77.5,2.57e-06,3.37e-06,1.77e-06,7.99e-07
77.5,2.57e-06,3.37e-06,1.78e-06,7.94e-07
77.6,2.57e-06,3.36e-06,1.78e-06,7.89e-07
77.6,2.57e-06,3.36e-06,1.79e-06,7.85e-07
77.7,2.57e-06,3.35e-06,1.79e-06,7.8e-07
77.7,2.57e-06,3.34e-06,1.8e-06,7.75e-07
77.7,2.57e-06,3.34e-06,1.8e-06,7.7e-07
77.8,2.57e-06,3.33e-06,1.8e-06,7.64e-07
77.8,2.57e-06,3.33e-06,1.81e-06,7.59e-07
77.9,2.57e-06,3.32e-06,1.81e-06,7.54e-07
77.9,2.57e-06,3.32e-06,1.82e-06,7.48e-07
78.0,2.57e-06,3.31e-06,1.82e-06,7.42e-07
78.0,2.57e-06,3.3e-06,1.83e-06,7.36e-07
78.0,2.57e-06,3.3e-06,1.84e-06,7.3e-07
78.1,2.56e-06,3.29e-06,1.84e-06,7.24e-07
78.1,2.56e-06,3.28e-06,1.85e-06,7.18e-07
78.2,2.56e-06,3.28e-06,1.85e-06,7.12e-07
78.2,2.56e-06,3.27e-06,1.86e-06,7.06e-07
78.3,2.56e-06,3.26e-06,1.86e-06,7.01e-07
78.3,2.56e-06,3.26e-06,1.87e-06,6.95e-07
78.3,2.56e-06,3.25e-06,1.87e-06,6.9e-07
78.4,2.56e-06,3.25e-06,1.88e-06,6.84e-07
78.4,2.56e-06,3.24e-06,1.88e-06,6.79e-07
78.5,2.56e-06,3.23e-06,1.89e-06,6.73e-07
78.5,2.56e-06,3.23e-06,1.89e-06,6.68e-07
78.6,2.56e-06,3.22e-06,1.9e-06,6.62e-07
78.6,2.56e-06,3.22e-06,1.9e-06,6.57e-07
78.6,2.56e-06,3.21e-06,1.91e-06,6.51e-07
78.7,2.56e-06,3.2e-06,1.91e-06,6.46e-07
78.7,2.56e-06,3.2e-06,1.92e-06,6.4e-07
78.8,2.56e-06,3.19e-06,1.92e-06,6.34e-07
78.8,2.56e-06,3.19e-06,1.93e-06,6.28e-07
78.9,2.56e-06,3.18e-06,1.93e-06,6.23e-07
78.9,2.56e-06,3.17e-06,1.94e-06,6.17e-07
78.9,2.56e-06,3.17e-06,1.94e-06,6.11e-07
79.0,2.56e-06,3.16e-06,1.95e-06,6.05e-07
79.0,2.55e-06,3.15e-06,1.96e-06,5.99e-07
79.1,2.55e-06,3.15e-06,1.96e-06,5.94e-07
79.1,2.55e-06,3.14e-06,1.97e-06,5.88e-07
79.2,2.55e-06,3.14e-06,1.97e-06,5.82e-07
79.2,2.55e-06,3.13e-06,1.98e-06,5.77e-07
79.2,2.55e-06,3.12e-06,1.98e-06,5.71e-07
79.3,2.55e-06,3.12e-06,1.99e-06,5.66e-07
79.3,2.55e-06,3.11e-06,1.99e-06,5.61e-07
79.4,2.55e-06,3.11e-06,2e-06,5.55e-07
79.4,2.55e-06,3.1e-06,2e-06,5.5e-07
79.5,2.55e-06,3.09e-06,2e-06,5.44e-07
79.5,2.55e-06,3.08e-06,2.01e-06,5.38e-07
79.5,2.55e-06,3.08e-06,2.01e-06,5.32e-07
79.6,2.54e-06,3.07e-06,2.02e-06,5.26e-07
79.6,2.54e-06,3.06e-06,2.02e-06,5.2e-07
79.7,2.54e-06,3.06e-06,2.03e-06,5.14e-07
79.7,2.54e-06,3.05e-06,2.03e-06,5.08e-07
79.8,2.54e-06,3.04e-06,2.04e-06,5.01e-07
79.8,2.54e-06,3.03e-06,2.04e-06,4.95e-07
79.8,2.54e-06,3.03e-06,2.05e-06,4.89e-07
79.9,2.54e-06,3.02e-06,2.05e-06,4.84e-07
79.9,2.53e-06,3.01e-06,2.06e-06,4.78e-07
80.0,2.53e-06,3.01e-06,2.06e-06,4.72e-07
80.0,2.53e-06,3e-06,2.07e-06,4.67e-07
80.1,2.53e-06,2.99e-06,2.07e-06,4.61e-07
80.1,2.53e-06,2.99e-06,2.07e-06,4.56e-07
80.1,2.53e-06,2.98e-06,2.08e-06,4.51e-07
80.2,2.53e-06,2.97e-06,2.08e-06,4.45e-07
80.2,2.53e-06,2.97e-06,2.09e-06,4.4e-07
80.3,2.53e-06,2.96e-06,2.09e-06,4.34e-07
80.3,2.53e-06,2.95e-06,2.1e-06,4.29e-07
80.4,2.52e-06,2.95e-06,2.1e-06,4.24e-07
80.4,2.52e-06,2.94e-06,2.11e-06,4.18e-07
80.4,2.52e-06,2.94e-06,2.11e-06,4.13e-07
80.5,2.52e-06,2.93e-06,2.11e-06,4.09e-07
80.5,2.52e-06,2.92e-06,2.12e-06,4.04e-07
80.6,2.52e-06,2.92e-06,2.12e-06,3.99e-07
80.6,2.52e-06,2.91e-06,2.12e-06,3.95e-07
80.7,2.52e-06,2.91e-06,2.13e-06,3.91e-07
80.7,2.52e-06,2.9e-06,2.13e-06,3.87e-07
80.7,2.52e-06,2.9e-06,2.13e-06,3.84e-07
80.8,2.52e-06,2.9e-06,2.14e-06,3.8e-07
80.8,2.51e-06,2.89e-06,2.14e-06,3.77e-07
80.9,2.51e-06,2.89e-06,2.14e-06,3.75e-07
80.9,2.51e-06,2.88e-06,2.14e-06,3.72e-07
81.0,2.51e-06,2.88e-06,2.14e-06,3.69e-07
81.0,2.51e-06,2.88e-06,2.14e-06,3.67e-07
81.0,2.51e-06,2.88e-06,2.15e-06,3.65e-07
81.1,2.51e-06,2.87e-06,2.15e-06,3.63e-07
81.1,2.51e-06,2.87e-06,2.15e-06,3.61e-07
81.2,2.51e-06,2.87e-06,2.15e-06,3.6e-07
81.2,2.51e-06,2.86e-06,2.15e-06,3.58e-07
81.3,2.51e-06,2.86e-06,2.15e-06,3.56e-07
81.3,2.51e-06,2.86e-06,2.15e-06,3.54e-07
81.3,2.51e-06,2.86e-06,2.15e-06,3.52e-07
81.4,2.5e-06,2.85e-06,2.15e-06,3.5e-07
81.4,2.5e-06,2.85e-06,2.16e-06,3.48e-07
81.5,2.5e-06,2.85e-06,2.16e-06,3.47e-07
81.5,2.5e-06,2.85e-06,2.16e-06,3.45e-07
81.6,2.5e-06,2.85e-06,2.16e-06,3.43e-07
81.6,2.5e-06,2.85e-06,2.16e-06,3.42e-07
81.7,2.5e-06,2.84e-06,2.16e-06,3.4e-07
81.7,2.5e-06,2.84e-06,2.17e-06,3.39e-07
81.7,2.5e-06,2.84e-06,2.17e-06,3.38e-07
81.8,2.5e-06,2.84e-06,2.17e-06,3.37e-07
81.8,2.5e-06,2.84e-06,2.17e-06,3.36e-07
81.9,2.5e-06,2.84e-06,2.17e-06,3.35e-07
81.9,2.5e-06,2.84e-06,2.17e-06,3.35e-07
82.0,2.5e-06,2.84e-06,2.17e-06,3.34e-07
82.0,2.5e-06,2.84e-06,2.17e-06,3.33e-07
82.0,2.5e-06,2.84e-06,2.17e-06,3.32e-07
82.1,2.5e-06,2.84e-06,2.17e-06,3.31e-07
82.1,2.5e-06,2.83e-06,2.17e-06,3.3e-07
82.2,2.5e-06,2.83e-06,2.17e-06,3.29e-07
82.2,2.5e-06,2.83e-06,2.17e-06,3.28e-07
82.3,2.5e-06,2.83e-06,2.17e-06,3.27e-07
82.3,2.5e-06,2.83e-06,2.17e-06,3.27e-07
82.3,2.5e-06,2.82e-06,2.17e-06,3.26e-07
82.4,2.5e-06,2.82e-06,2.17e-06,3.25e-07
82.4,2.5e-06,2.82e-06,2.17e-06,3.25e-07
82.5,2.5e-06,2.82e-06,2.17e-06,3.25e-07
82.5,2.5e-06,2.82e-06,2.17e-06,3.24e-07
82.6,2.5e-06,2.82e-06,2.17e-06,3.24e-07
82.6,2.5e-06,2.82e-06,2.17e-06,3.24e-07
82.6,2.5e-06,2.82e-06,2.17e-06,3.24e-07
82.7,2.5e-06,2.82e-06,2.17e-06,3.24e-07
82.7,2.5e-06,2.82e-06,2.17e-06,3.24e-07
82.8,2.5e-06,2.82e-06,2.17e-06,3.24e-07
82.8,2.5e-06,2.82e-06,2.17e-06,3.24e-07
82.9,2.5e-06,2.82e-06,2.18e-06,3.24e-07
82.9,2.5e-06,2.82e-06,2.18e-06,3.24e-07
82.9,2.5e-06,2.82e-06,2.18e-06,3.24e-07
83.0,2.5e-06,2.82e-06,2.18e-06,3.23e-07
83.0,2.5e-06,2.82e-06,2.17e-06,3.23e-07
83.1,2.5e-06,2.82e-06,2.17e-06,3.23e-07
83.1,2.5e-06,2.82e-06,2.17e-06,3.23e-07
83.2,2.5e-06,2.82e-06,2.17e-06,3.23e-07
83.2,2.5e-06,2.82e-06,2.17e-06,3.23e-07
83.2,2.49e-06,2.82e-06,2.17e-06,3.23e-07
83.3,2.49e-06,2.82e-06,2.17e-06,3.24e-07
83.3,2.49e-06,2.82e-06,2.17e-06,3.24e-07
83.4,2.49e-06,2.82e-06,2.17e-06,3.24e-07
83.4,2.49e-06,2.82e-06,2.17e-06,3.25e-07
83.5,2.49e-06,2.82e-06,2.17e-06,3.25e-07
83.5,2.49e-06,2.82e-06,2.17e-06,3.25e-07
83.5,2.49e-06,2.82e-06,2.17e-06,3.26e-07
83.6,2.49e-06,2.82e-06,2.17e-06,3.26e-07
83.6,2.49e-06,2.82e-06,2.17e-06,3.26e-07
83.7,2.49e-06,2.82e-06,2.17e-06,3.26e-07
83.7,2.49e-06,2.82e-06,2.17e-06,3.26e-07
83.8,2.49e-06,2.82e-06,2.17e-06,3.27e-07
83.8,2.49e-06,2.82e-06,2.17e-06,3.27e-07
83.8,2.49e-06,2.82e-06,2.17e-06,3.27e-07
83.9,2.49e-06,2.82e-06,2.17e-06,3.27e-07
83.9,2.49e-06,2.82e-06,2.17e-06,3.27e-07
84.0,2.49e-06,2.82e-06,2.17e-06,3.26e-07
84.0,2.49e-06,2.82e-06,2.17e-06,3.26e-07
84.1,2.49e-06,2.82e-06,2.17e-06,3.26e-07
84.1,2.49e-06,2.82e-06,2.17e-06,3.26e-07
84.1,2.49e-06,2.82e-06,2.17e-06,3.26e-07
84.2,2.49e-06,2.82e-06,2.16e-06,3.25e-07
84.2,2.49e-06,2.81e-06,2.16e-06,3.25e-07
84.3,2.49e-06,2.81e-06,2.16e-06,3.25e-07
84.3,2.49e-06,2.81e-06,2.16e-06,3.25e-07
84.4,2.49e-06,2.81e-06,2.16e-06,3.25e-07
84.4,2.49e-06,2.81e-06,2.16e-06,3.25e-07
84.4,2.49e-06,2.81e-06,2.16e-06,3.25e-07
84.5,2.49e-06,2.81e-06,2.16e-06,3.25e-07
84.5,2.49e-06,2.81e-06,2.16e-06,3.25e-07
84.6,2.49e-06,2.81e-06,2.16e-06,3.25e-07
84.6,2.49e-06,2.81e-06,2.16e-06,3.25e-07
84.7,2.49e-06,2.81e-06,2.16e-06,3.25e-07
84.7,2.49e-06,2.81e-06,2.16e-06,3.25e-07
84.7,2.49e-06,2.81e-06,2.16e-06,3.25e-07
84.8,2.49e-06,2.81e-06,2.16e-06,3.25e-07
84.8,2.49e-06,2.81e-06,2.16e-06,3.25e-07
84.9,2.49e-06,2.81e-06,2.16e-06,3.25e-07
84.9,2.49e-06,2.81e-06,2.16e-06,3.25e-07
85.0,2.49e-06,2.81e-06,2.16e-06,3.24e-07
85.0,2.49e-06,2.81e-06,2.16e-06,3.24e-07
85.0,2.48e-06,2.81e-06,2.16e-06,3.23e-07
85.1,2.48e-06,2.81e-06,2.16e-06,3.23e-07
85.1,2.48e-06,2.81e-06,2.16e-06,3.23e-07
85.2,2.48e-06,2.81e-06,2.16e-06,3.23e-07
85.2,2.48e-06,2.81e-06,2.16e-06,3.22e-07
85.3,2.48e-06,2.81e-06,2.16e-06,3.22e-07
85.3,2.48e-06,2.81e-06,2.16e-06,3.22e-07
85.3,2.48e-06,2.81e-06,2.16e-06,3.22e-07
85.4,2.48e-06,2.81e-06,2.16e-06,3.22e-07
85.4,2.48e-06,2.8e-06,2.16e-06,3.22e-07
85.5,2.48e-06,2.8e-06,2.16e-06,3.22e-07
85.5,2.48e-06,2.8e-06,2.16e-06,3.22e-07
85.6,2.48e-06,2.8e-06,2.16e-06,3.22e-07
85.6,2.48e-06,2.8e-06,2.16e-06,3.21e-07
85.6,2.48e-06,2.8e-06,2.16e-06,3.21e-07
85.7,2.48e-06,2.8e-06,2.16e-06,3.21e-07
85.7,2.48e-06,2.8e-06,2.16e-06,3.21e-07
85.8,2.48e-06,2.8e-06,2.16e-06,3.21e-07
85.8,2.48e-06,2.8e-06,2.16e-06,3.2e-07
85.9,2.48e-06,2.8e-06,2.16e-06,3.2e-07
85.9,2.48e-06,2.8e-06,2.16e-06,3.2e-07
85.9,2.48e-06,2.8e-06,2.16e-06,3.2e-07
86.0,2.48e-06,2.8e-06,2.16e-06,3.2e-07
86.0,2.48e-06,2.8e-06,2.16e-06,3.2e-07
86.1,2.48e-06,2.8e-06,2.16e-06,3.2e-07
86.1,2.48e-06,2.8e-06,2.16e-06,3.2e-07
86.2,2.48e-06,2.8e-06,2.16e-06,3.2e-07
86.2,2.48e-06,2.8e-06,2.16e-06,3.21e-07
86.2,2.48e-06,2.8e-06,2.16e-06,3.21e-07
86.3,2.48e-06,2.8e-06,2.16e-06,3.21e-07
86.3,2.48e-06,2.8e-06,2.16e-06,3.21e-07
86.4,2.48e-06,2.8e-06,2.16e-06,3.21e-07
86.4,2.48e-06,2.8e-06,2.16e-06,3.21e-07
86.5,2.48e-06,2.8e-06,2.16e-06,3.21e-07
86.5,2.48e-06,2.8e-06,2.16e-06,3.21e-07
86.5,2.48e-06,2.8e-06,2.16e-06,3.21e-07
86.6,2.48e-06,2.8e-06,2.16e-06,3.21e-07
86.6,2.48e-06,2.8e-06,2.16e-06,3.21e-07
86.7,2.48e-06,2.8e-06,2.16e-06,3.21e-07
86.7,2.48e-06,2.8e-06,2.16e-06,3.21e-07
86.8,2.48e-06,2.8e-06,2.16e-06,3.22e-07
86.8,2.48e-06,2.8e-06,2.16e-06,3.22e-07
86.9,2.48e-06,2.8e-06,2.16e-06,3.22e-07
86.9,2.48e-06,2.8e-06,2.16e-06,3.23e-07
86.9,2.48e-06,2.81e-06,2.16e-06,3.23e-07
87.0,2.48e-06,2.81e-06,2.16e-06,3.24e-07
87.0,2.48e-06,2.81e-06,2.16e-06,3.24e-07
87.1,2.48e-06,2.81e-06,2.16e-06,3.25e-07
87.1,2.48e-06,2.81e-06,2.16e-06,3.26e-07
87.2,2.48e-06,2.81e-06,2.16e-06,3.28e-07
87.2,2.48e-06,2.81e-06,2.16e-06,3.29e-07
87.2,2.48e-06,2.81e-06,2.15e-06,3.31e-07
87.3,2.48e-06,2.82e-06,2.15e-06,3.32e-07
87.3,2.49e-06,2.82e-06,2.15e-06,3.34e-07
87.4,2.49e-06,2.82e-06,2.15e-06,3.36e-07
87.4,2.49e-06,2.82e-06,2.15e-06,3.37e-07
87.5,2.49e-06,2.83e-06,2.15e-06,3.39e-07
87.5,2.49e-06,2.83e-06,2.15e-06,3.41e-07
87.5,2.49e-06,2.83e-06,2.14e-06,3.43e-07
87.6,2.49e-06,2.83e-06,2.14e-06,3.45e-07
87.6,2.49e-06,2.84e-06,2.14e-06,3.47e-07
87.7,2.49e-06,2.84e-06,2.14e-06,3.5e-07
87.7,2.49e-06,2.84e-06,2.14e-06,3.52e-07
87.8,2.49e-06,2.84e-06,2.14e-06,3.54e-07
87.8,2.49e-06,2.85e-06,2.13e-06,3.56e-07
87.8,2.49e-06,2.85e-06,2.13e-06,3.59e-07
87.9,2.49e-06,2.85e-06,2.13e-06,3.61e-07
87.9,2.49e-06,2.86e-06,2.13e-06,3.64e-07
88.0,2.49e-06,2.86e-06,2.13e-06,3.66e-07
88.0,2.5e-06,2.86e-06,2.13e-06,3.69e-07
88.1,2.5e-06,2.87e-06,2.13e-06,3.71e-07
88.1,2.5e-06,2.87e-06,2.12e-06,3.74e-07
88.1,2.5e-06,2.88e-06,2.12e-06,3.77e-07
88.2,2.5e-06,2.88e-06,2.12e-06,3.79e-07
88.2,2.5e-06,2.88e-06,2.12e-06,3.82e-07
88.3,2.5e-06,2.89e-06,2.12e-06,3.85e-07
88.3,2.5e-06,2.89e-06,2.12e-06,3.87e-07
88.4,2.5e-06,2.89e-06,2.11e-06,3.9e-07
88.4,2.5e-06,2.9e-06,2.11e-06,3.93e-07
88.4,2.51e-06,2.9e-06,2.11e-06,3.95e-07
88.5,2.51e-06,2.9e-06,2.11e-06,3.98e-07
88.5,2.51e-06,2.91e-06,2.11e-06,4.01e-07
88.6,2.51e-06,2.91e-06,2.11e-06,4.04e-07
88.6,2.51e-06,2.92e-06,2.1e-06,4.06e-07
88.7,2.51e-06,2.92e-06,2.1e-06,4.09e-07
88.7,2.51e-06,2.92e-06,2.1e-06,4.12e-07
88.7,2.51e-06,2.93e-06,2.1e-06,4.15e-07
88.8,2.51e-06,2.93e-06,2.09e-06,4.19e-07
88.8,2.51e-06,2.94e-06,2.09e-06,4.22e-07
88.9,2.51e-06,2.94e-06,2.09e-06,4.25e-07
88.9,2.52e-06,2.94e-06,2.09e-06,4.29e-07
89.0,2.52e-06,2.95e-06,2.08e-06,4.33e-07
89.0,2.52e-06,2.95e-06,2.08e-06,4.36e-07
89.0,2.52e-06,2.96e-06,2.08e-06,4.4e-07
89.1,2.52e-06,2.97e-06,2.08e-06,4.45e-07
89.1,2.52e-06,2.97e-06,2.07e-06,4.49e-07
89.2,2.52e-06,2.98e-06,2.07e-06,4.54e-07
89.2,2.53e-06,2.99e-06,2.07e-06,4.6e-07
89.3,2.53e-06,3e-06,2.06e-06,4.66e-07
89.3,2.53e-06,3e-06,2.06e-06,4.72e-07
89.3,2.53e-06,3.01e-06,2.06e-06,4.78e-07
89.4,2.54e-06,3.02e-06,2.05e-06,4.84e-07
89.4,2.54e-06,3.03e-06,2.05e-06,4.91e-07
89.5,2.54e-06,3.04e-06,2.05e-06,4.97e-07
89.5,2.55e-06,3.05e-06,2.04e-06,5.04e-07
89.6,2.55e-06,3.06e-06,2.04e-06,5.11e-07
89.6,2.55e-06,3.07e-06,2.03e-06,5.18e-07
89.6,2.55e-06,3.08e-06,2.03e-06,5.25e-07
89.7,2.56e-06,3.09e-06,2.02e-06,5.33e-07
89.7,2.56e-06,3.1e-06,2.02e-06,5.4e-07
89.8,2.56e-06,3.11e-06,2.01e-06,5.48e-07
89.8,2.56e-06,3.12e-06,2.01e-06,5.56e-07
89.9,2.57e-06,3.13e-06,2e-06,5.63e-07
89.9,2.57e-06,3.14e-06,2e-06,5.71e-07
89.9,2.57e-06,3.15e-06,1.99e-06,5.79e-07
90.0,2.57e-06,3.16e-06,1.99e-06,5.87e-07
90.0,2.58e-06,3.17e-06,1.98e-06,5.96e-07
90.1,2.58e-06,3.18e-06,1.97e-06,6.05e-07
90.1,2.58e-06,3.2e-06,1.97e-06,6.14e-07
90.2,2.58e-06,3.21e-06,1.96e-06,6.24e-07
90.2,2.59e-06,3.22e-06,1.95e-06,6.33e-07
90.2,2.59e-06,3.23e-06,1.95e-06,6.43e-07
90.3,2.6e-06,3.25e-06,1.94e-06,6.53e-07
90.3,2.6e-06,3.26e-06,1.94e-06,6.64e-07
90.4,2.6e-06,3.28e-06,1.93e-06,6.74e-07
90.4,2.61e-06,3.29e-06,1.92e-06,6.85e-07
90.5,2.61e-06,3.31e-06,1.92e-06,6.97e-07
90.5,2.62e-06,3.32e-06,1.91e-06,7.08e-07
90.5,2.62e-06,3.34e-06,1.9e-06,7.19e-07
90.6,2.62e-06,3.35e-06,1.89e-06,7.31e-07
90.6,2.63e-06,3.37e-06,1.89e-06,7.42e-07
90.7,2.63e-06,3.38e-06,1.88e-06,7.53e-07
90.7,2.63e-06,3.4e-06,1.87e-06,7.64e-07
90.8,2.64e-06,3.41e-06,1.86e-06,7.75e-07
90.8,2.64e-06,3.43e-06,1.86e-06,7.86e-07
90.8,2.65e-06,3.44e-06,1.85e-06,7.97e-07
90.9,2.65e-06,3.46e-06,1.84e-06,8.08e-07
90.9,2.65e-06,3.47e-06,1.83e-06,8.19e-07
91.0,2.66e-06,3.49e-06,1.83e-06,8.3e-07
91.0,2.66e-06,3.5e-06,1.82e-06,8.41e-07
91.1,2.66e-06,3.52e-06,1.81e-06,8.51e-07
91.1,2.67e-06,3.53e-06,1.81e-06,8.62e-07
91.1,2.67e-06,3.55e-06,1.8e-06,8.73e-07
91.2,2.68e-06,3.56e-06,1.79e-06,8.84e-07
91.2,2.68e-06,3.58e-06,1.79e-06,8.95e-07
91.3,2.69e-06,3.6e-06,1.78e-06,9.06e-07
91.3,2.7e-06,3.61e-06,1.78e-06,9.18e-07
91.4,2.7e-06,3.63e-06,1.77e-06,9.29e-07
91.4,2.71e-06,3.65e-06,1.77e-06,9.41e-07
91.4,2.72e-06,3.67e-06,1.76e-06,9.52e-07
91.5,2.72e-06,3.69e-06,1.76e-06,9.64e-07
91.5,2.73e-06,3.71e-06,1.75e-06,9.76e-07
91.6,2.74e-06,3.73e-06,1.75e-06,9.88e-07
91.6,2.74e-06,3.74e-06,1.74e-06,1e-06
91.7,2.75e-06,3.76e-06,1.74e-06,1.01e-06
91.7,2.76e-06,3.78e-06,1.73e-06,1.02e-06
91.7,2.76e-06,3.8e-06,1.73e-06,1.04e-06
91.8,2.77e-06,3.82e-06,1.72e-06,1.05e-06
91.8,2.78e-06,3.84e-06,1.72e-06,1.06e-06
91.9,2.79e-06,3.86e-06,1.71e-06,1.07e-06
91.9,2.79e-06,3.88e-06,1.71e-06,1.09e-06
92.0,2.8e-06,3.9e-06,1.7e-06,1.1e-06
92.0,2.81e-06,3.92e-06,1.7e-06,1.11e-06
92.0,2.82e-06,3.94e-06,1.7e-06,1.12e-06
92.1,2.83e-06,3.97e-06,1.69e-06,1.14e-06
92.1,2.84e-06,3.99e-06,1.69e-06,1.15e-06
92.2,2.85e-06,4.01e-06,1.69e-06,1.16e-06
92.2,2.86e-06,4.04e-06,1.68e-06,1.18e-06
92.3,2.87e-06,4.06e-06,1.68e-06,1.19e-06
92.3,2.88e-06,4.09e-06,1.68e-06,1.2e-06
92.4,2.89e-06,4.11e-06,1.67e-06,1.22e-06
92.4,2.9e-06,4.14e-06,1.67e-06,1.23e-06
92.4,2.91e-06,4.16e-06,1.67e-06,1.25e-06
92.5,2.93e-06,4.19e-06,1.67e-06,1.26e-06
92.5,2.94e-06,4.21e-06,1.66e-06,1.27e-06
92.6,2.95e-06,4.24e-06,1.66e-06,1.29e-06
92.6,2.96e-06,4.26e-06,1.66e-06,1.3e-06
92.7,2.97e-06,4.29e-06,1.65e-06,1.32e-06
92.7,2.99e-06,4.32e-06,1.65e-06,1.33e-06
92.7,3e-06,4.35e-06,1.65e-06,1.35e-06
92.8,3.01e-06,4.38e-06,1.65e-06,1.36e-06
92.8,3.03e-06,4.41e-06,1.65e-06,1.38e-06
92.9,3.04e-06,4.44e-06,1.65e-06,1.4e-06
92.9,3.06e-06,4.47e-06,1.65e-06,1.41e-06
93.0,3.07e-06,4.5e-06,1.65e-06,1.43e-06
93.0,3.09e-06,4.53e-06,1.65e-06,1.44e-06
93.0,3.1e-06,4.56e-06,1.65e-06,1.46e-06
93.1,3.12e-06,4.6e-06,1.64e-06,1.48e-06
93.1,3.14e-06,4.63e-06,1.64e-06,1.49e-06
93.2,3.15e-06,4.66e-06,1.65e-06,1.51e-06
93.2,3.17e-06,4.7e-06,1.65e-06,1.53e-06
93.3,3.19e-06,4.73e-06,1.65e-06,1.54e-06
93.3,3.21e-06,4.77e-06,1.65e-06,1.56e-06
93.3,3.22e-06,4.8e-06,1.65e-06,1.58e-06
93.4,3.24e-06,4.84e-06,1.65e-06,1.59e-06
93.4,3.26e-06,4.87e-06,1.65e-06,1.61e-06
93.5,3.28e-06,4.91e-06,1.65e-06,1.63e-06
93.5,3.3e-06,4.94e-06,1.66e-06,1.64e-06
93.6,3.32e-06,4.98e-06,1.66e-06,1.66e-06
93.6,3.34e-06,5.02e-06,1.66e-06,1.68e-06
93.6,3.36e-06,5.05e-06,1.66e-06,1.7e-06
93.7,3.38e-06,5.09e-06,1.67e-06,1.71e-06
93.7,3.4e-06,5.13e-06,1.67e-06,1.73e-06
93.8,3.42e-06,5.17e-06,1.68e-06,1.75e-06
93.8,3.45e-06,5.21e-06,1.68e-06,1.77e-06
93.9,3.47e-06,5.25e-06,1.68e-06,1.79e-06
93.9,3.49e-06,5.3e-06,1.69e-06,1.8e-06
93.9,3.52e-06,5.34e-06,1.69e-06,1.82e-06
94.0,3.54e-06,5.39e-06,1.7e-06,1.84e-06
94.0,3.57e-06,5.43e-06,1.7e-06,1.87e-06
94.1,3.59e-06,5.48e-06,1.7e-06,1.89e-06
94.1,3.62e-06,5.53e-06,1.71e-06,1.91e-06
94.2,3.64e-06,5.58e-06,1.71e-06,1.94e-06
94.2,3.67e-06,5.63e-06,1.71e-06,1.96e-06
94.2,3.7e-06,5.69e-06,1.71e-06,1.99e-06
94.3,3.73e-06,5.75e-06,1.71e-06,2.02e-06
94.3,3.76e-06,5.8e-06,1.71e-06,2.05e-06
94.4,3.79e-06,5.86e-06,1.71e-06,2.07e-06
94.4,3.82e-06,5.92e-06,1.71e-06,2.11e-06
94.5,3.85e-06,5.99e-06,1.71e-06,2.14e-06
94.5,3.88e-06,6.05e-06,1.71e-06,2.17e-06
94.5,3.91e-06,6.11e-06,1.71e-06,2.2e-06
94.6,3.94e-06,6.18e-06,1.71e-06,2.23e-06
94.6,3.98e-06,6.24e-06,1.71e-06,2.27e-06
94.7,4.01e-06,6.31e-06,1.71e-06,2.3e-06
94.7,4.04e-06,6.37e-06,1.71e-06,2.33e-06
94.8,4.07e-06,6.44e-06,1.71e-06,2.37e-06
94.8,4.11e-06,6.51e-06,1.71e-06,2.4e-06
94.8,4.14e-06,6.58e-06,1.71e-06,2.43e-06
94.9,4.18e-06,6.64e-06,1.71e-06,2.46e-06
94.9,4.21e-06,6.71e-06,1.72e-06,2.5e-06
95.0,4.25e-06,6.78e-06,1.72e-06,2.53e-06
95.0,4.29e-06,6.85e-06,1.73e-06,2.56e-06
95.1,4.32e-06,6.92e-06,1.73e-06,2.59e-06
95.1,4.36e-06,6.98e-06,1.74e-06,2.62e-06
95.1,4.4e-06,7.05e-06,1.75e-06,2.65e-06
95.2,4.44e-06,7.12e-06,1.76e-06,2.68e-06
95.2,4.48e-06,7.19e-06,1.77e-06,2.71e-06
95.3,4.52e-06,7.26e-06,1.78e-06,2.74e-06
95.3,4.56e-06,7.33e-06,1.79e-06,2.77e-06
95.4,4.6e-06,7.41e-06,1.8e-06,2.8e-06
95.4,4.64e-06,7.48e-06,1.81e-06,2.84e-06
95.4,4.69e-06,7.56e-06,1.82e-06,2.87e-06
95.5,4.73e-06,7.63e-06,1.83e-06,2.9e-06
95.5,4.78e-06,7.71e-06,1.84e-06,2.93e-06
95.6,4.82e-06,7.79e-06,1.85e-06,2.97e-06
95.6,4.87e-06,7.86e-06,1.87e-06,3e-06
95.7,4.91e-06,7.94e-06,1.88e-06,3.03e-06
95.7,4.96e-06,8.02e-06,1.89e-06,3.06e-06
95.7,5e-06,8.1e-06,1.91e-06,3.1e-06
95.8,5.05e-06,8.18e-06,1.92e-06,3.13e-06
95.8,5.1e-06,8.26e-06,1.93e-06,3.16e-06
95.9,5.14e-06,8.34e-06,1.95e-06,3.19e-06
95.9,5.19e-06,8.41e-06,1.96e-06,3.23e-06
96.0,5.24e-06,8.49e-06,1.98e-06,3.26e-06
96.0,5.28e-06,8.57e-06,1.99e-06,3.29e-06
96.0,5.33e-06,8.65e-06,2.01e-06,3.32e-06
96.1,5.38e-06,8.73e-06,2.03e-06,3.35e-06
96.1,5.42e-06,8.8e-06,2.05e-06,3.38e-06
96.2,5.47e-06,8.88e-06,2.07e-06,3.41e-06
96.2,5.52e-06,8.96e-06,2.09e-06,3.44e-06
96.3,5.57e-06,9.03e-06,2.11e-06,3.46e-06
96.3,5.62e-06,9.11e-06,2.13e-06,3.49e-06
96.3,5.67e-06,9.19e-06,2.15e-06,3.52e-06
96.4,5.72e-06,9.27e-06,2.17e-06,3.55e-06
96.4,5.77e-06,9.35e-06,2.2e-06,3.57e-06
96.5,5.82e-06,9.42e-06,2.22e-06,3.6e-06
96.5,5.88e-06,9.5e-06,2.25e-06,3.63e-06
96.6,5.93e-06,9.58e-06,2.27e-06,3.66e-06
96.6,5.98e-06,9.67e-06,2.3e-06,3.68e-06
96.6,6.04e-06,9.75e-06,2.32e-06,3.71e-06
96.7,6.09e-06,9.83e-06,2.35e-06,3.74e-06
96.7,6.15e-06,9.92e-06,2.37e-06,3.77e-06
96.8,6.2e-06,1e-05,2.4e-06,3.8e-06
96.8,6.26e-06,1.01e-05,2.43e-06,3.83e-06
96.9,6.32e-06,1.02e-05,2.46e-06,3.86e-06
96.9,6.38e-06,1.03e-05,2.48e-06,3.9e-06
96.9,6.44e-06,1.04e-05,2.51e-06,3.93e-06
97.0,6.5e-06,1.05e-05,2.54e-06,3.96e-06
97.0,6.56e-06,1.05e-05,2.57e-06,3.99e-06
97.1,6.62e-06,1.06e-05,2.59e-06,4.02e-06
97.1,6.68e-06,1.07e-05,2.62e-06,4.05e-06
97.2,6.74e-06,1.08e-05,2.65e-06,4.08e-06
97.2,6.79e-06,1.09e-05,2.68e-06,4.11e-06
97.2,6.85e-06,1.1e-05,2.71e-06,4.15e-06
97.3,6.91e-06,1.11e-05,2.74e-06,4.17e-06
97.3,6.97e-06,1.12e-05,2.77e-06,4.2e-06
97.4,7.03e-06,1.13e-05,2.8e-06,4.23e-06
97.4,7.09e-06,1.14e-05,2.83e-06,4.26e-06
97.5,7.16e-06,1.14e-05,2.87e-06,4.29e-06
97.5,7.22e-06,1.15e-05,2.9e-06,4.32e-06
97.6,7.28e-06,1.16e-05,2.93e-06,4.35e-06
97.6,7.34e-06,1.17e-05,2.97e-06,4.37e-06
97.6,7.4e-06,1.18e-05,3e-06,4.4e-06
97.7,7.47e-06,1.19e-05,3.04e-06,4.43e-06
97.7,7.53e-06,1.2e-05,3.07e-06,4.46e-06
97.8,7.59e-06,1.21e-05,3.11e-06,4.48e-06
97.8,7.66e-06,1.22e-05,3.15e-06,4.51e-06
97.9,7.73e-06,1.23e-05,3.19e-06,4.54e-06
97.9,7.8e-06,1.24e-05,3.23e-06,4.56e-06
97.9,7.87e-06,1.25e-05,3.27e-06,4.59e-06
98.0,7.94e-06,1.26e-05,3.32e-06,4.62e-06
98.0,8.01e-06,1.27e-05,3.36e-06,4.65e-06
98.1,8.08e-06,1.28e-05,3.41e-06,4.67e-06
98.1,8.15e-06,1.28e-05,3.45e-06,4.7e-06
98.2,8.22e-06,1.29e-05,3.5e-06,4.72e-06
98.2,8.3e-06,1.3e-05,3.55e-06,4.75e-06
98.2,8.37e-06,1.31e-05,3.59e-06,4.77e-06
98.3,8.44e-06,1.32e-05,3.64e-06,4.8e-06
98.3,8.51e-06,1.33e-05,3.68e-06,4.82e-06
98.4,8.58e-06,1.34e-05,3.73e-06,4.85e-06
98.4,8.65e-06,1.35e-05,3.78e-06,4.87e-06
98.5,8.72e-06,1.36e-05,3.82e-06,4.9e-06
98.5,8.79e-06,1.37e-05,3.87e-06,4.92e-06
98.5,8.87e-06,1.38e-05,3.92e-06,4.94e-06
98.6,8.94e-06,1.39e-05,3.97e-06,4.97e-06
98.6,9.01e-06,1.4e-05,4.02e-06,4.99e-06
98.7,9.08e-06,1.41e-05,4.07e-06,5.01e-06
98.7,9.15e-06,1.42e-05,4.12e-06,5.04e-06
98.8,9.23e-06,1.43e-05,4.17e-06,5.06e-06
98.8,9.3e-06,1.44e-05,4.22e-06,5.08e-06
98.8,9.38e-06,1.45e-05,4.27e-06,5.11e-06
98.9,9.45e-06,1.46e-05,4.32e-06,5.13e-06
98.9,9.53e-06,1.47e-05,4.38e-06,5.15e-06
99.0,9.61e-06,1.48e-05,4.43e-06,5.18e-06
99.0,9.68e-06,1.49e-05,4.48e-06,5.2e-06
99.1,9.76e-06,1.5e-05,4.53e-06,5.23e-06
99.1,9.84e-06,1.51e-05,4.59e-06,5.25e-06
99.1,9.91e-06,1.52e-05,4.64e-06,5.27e-06
99.2,9.99e-06,1.53e-05,4.69e-06,5.3e-06
99.2,1.01e-05,1.54e-05,4.74e-06,5.32e-06
99.3,1.01e-05,1.55e-05,4.79e-06,5.34e-06
99.3,1.02e-05,1.56e-05,4.84e-06,5.36e-06
99.4,1.03e-05,1.57e-05,4.89e-06,5.39e-06
99.4,1.04e-05,1.58e-05,4.94e-06,5.41e-06
99.4,1.04e-05,1.59e-05,4.99e-06,5.43e-06
99.5,1.05e-05,1.59e-05,5.04e-06,5.45e-06
99.5,1.06e-05,1.6e-05,5.09e-06,5.47e-06
99.6,1.06e-05,1.61e-05,5.15e-06,5.49e-06
99.6,1.07e-05,1.62e-05,5.2e-06,5.52e-06
99.7,1.08e-05,1.63e-05,5.25e-06,5.54e-06
99.7,1.09e-05,1.64e-05,5.3e-06,5.56e-06
99.7,1.09e-05,1.65e-05,5.35e-06,5.58e-06
99.8,1.1e-05,1.66e-05,5.41e-06,5.6e-06
99.8,1.11e-05,1.67e-05,5.46e-06,5.62e-06
99.9,1.12e-05,1.68e-05,5.52e-06,5.64e-06
99.9,1.12e-05,1.69e-05,5.57e-06,5.66e-06
100.0,1.13e-05,1.7e-05,5.63e-06,5.68e-06
